"Name","Agent","ID","State","User","Notes","Job Type","Group","Tags","Created","End Time","Updated","Max Test Accuracy","time_mask_param","dropOutProbability","freq_mask_param"
"golden-sweep-103","","v4xyfj4m","finished","","-","","","","2024-07-15T15:29:51.000Z","2024-07-15T15:40:00.000Z","2024-07-15T15:40:00.000Z","0.9326669695592912","50","0","40"
"misunderstood-sweep-29","","rep6ahwk","finished","","-","","","","2024-07-15T07:56:31.000Z","2024-07-15T08:11:32.000Z","2024-07-15T08:11:32.000Z","0.9235801908223534","10","0","20"
"splendid-sweep-70","","lor8k9gw","finished","","-","","","","2024-07-15T12:24:45.000Z","2024-07-15T12:39:53.000Z","2024-07-15T12:39:53.000Z","0.9223080417991822","70","0","30"
"playful-sweep-224","","peh22i1w","finished","","-","","","","2024-07-16T03:08:47.000Z","2024-07-16T03:15:39.000Z","2024-07-16T03:15:39.000Z","0.9214902317128578","70","0.1","30"
"grateful-sweep-65","","g3wzbqpx","finished","","-","","","","2024-07-15T11:40:38.000Z","2024-07-15T11:54:04.000Z","2024-07-15T11:54:04.000Z","0.9204906860517946","20","0","30"
"devoted-sweep-148","","9fpam53g","finished","","-","","","","2024-07-15T19:31:43.000Z","2024-07-15T19:44:32.000Z","2024-07-15T19:44:32.000Z","0.9166742389822808","10","0.1","10"
"true-sweep-440","","vv83cpg5","finished","","-","","","","2024-07-16T21:25:44.000Z","2024-07-16T21:43:41.000Z","2024-07-16T21:43:41.000Z","0.9165833711949114","60","0.3","10"
"stilted-sweep-452","","t59m65qg","finished","","-","","","","2024-07-16T23:00:55.000Z","2024-07-16T23:19:40.000Z","2024-07-16T23:19:40.000Z","0.9158564288959564","40","0.3","20"
"royal-sweep-52","","9ppo2nb7","finished","","-","","","","2024-07-15T10:39:49.000Z","2024-07-15T10:45:49.000Z","2024-07-15T10:45:49.000Z","0.9144025442980463","30","0","20"
"dauntless-sweep-403","","ti13s0iw","finished","","-","","","","2024-07-16T18:08:31.000Z","2024-07-16T18:20:30.000Z","2024-07-16T18:20:30.000Z","0.9141299409359382","40","0.2","50"
"restful-sweep-174","","j3fnm0du","finished","","-","","","","2024-07-15T22:05:53.000Z","2024-07-15T22:26:17.000Z","2024-07-15T22:26:17.000Z","0.9125851885506588","60","0.1","20"
"fanciful-sweep-97","","ptkn88tm","finished","","-","","","","2024-07-15T14:59:26.000Z","2024-07-15T15:05:25.000Z","2024-07-15T15:05:25.000Z","0.9114947751022262","60","0","40"
"likely-sweep-366","","9wnnd6kk","finished","","-","","","","2024-07-16T15:09:04.000Z","2024-07-16T15:24:35.000Z","2024-07-16T15:24:35.000Z","0.9107678328032712","20","0.2","40"
"dashing-sweep-330","","x4cxuhy3","finished","","-","","","","2024-07-16T12:36:32.000Z","2024-07-16T12:47:41.000Z","2024-07-16T12:47:41.000Z","0.9098591549295776","10","0.2","20"
"expert-sweep-511","","clnghiyp","finished","","-","","","","2024-07-17T03:22:27.000Z","2024-07-17T03:45:26.000Z","2024-07-17T03:45:26.000Z","0.9084961381190368","70","0.3","40"
"avid-sweep-396","","x4uspfra","finished","","-","","","","2024-07-16T17:27:22.000Z","2024-07-16T17:35:55.000Z","2024-07-16T17:35:55.000Z","0.90804179918219","40","0.2","50"
"ethereal-sweep-192","","iiz6dmgk","finished","","-","","","","2024-07-16T00:01:22.000Z","2024-07-16T00:08:20.000Z","2024-07-16T00:08:20.000Z","0.9067696501590188","30","0.1","20"
"smart-sweep-333","","n0n254ap","finished","","-","","","","2024-07-16T12:52:25.000Z","2024-07-16T12:59:25.000Z","2024-07-16T12:59:25.000Z","0.9055883689232168","40","0.2","20"
"charmed-sweep-109","","hpt9n16q","finished","","-","","","","2024-07-15T16:09:31.000Z","2024-07-15T16:17:59.000Z","2024-07-15T16:17:59.000Z","0.9044070876874148","40","0","40"
"vivid-sweep-517","","dohxlb42","finished","","-","","","","2024-07-17T04:23:42.000Z","2024-07-17T04:38:15.000Z","2024-07-17T04:38:15.000Z","0.9037710131758292","60","0.3","40"
"pleasant-sweep-278","","jrj0jxp9","finished","","-","","","","2024-07-16T07:51:51.000Z","2024-07-16T08:22:30.000Z","2024-07-16T08:22:30.000Z","0.9024079963652883","50","0.1","50"
"unique-sweep-199","","az47pi3c","finished","","-","","","","2024-07-16T01:05:06.000Z","2024-07-16T01:10:18.000Z","2024-07-16T01:10:18.000Z","0.9023171285779192","30","0.1","30"
"wise-sweep-321","","7fgknxh5","finished","","-","","","","2024-07-16T11:49:47.000Z","2024-07-16T11:56:42.000Z","2024-07-16T11:56:42.000Z","0.9016810540663336","60","0.2","20"
"mild-sweep-166","","bhw0y405","finished","","-","","","","2024-07-15T21:33:37.000Z","2024-07-15T21:40:34.000Z","2024-07-15T21:40:34.000Z","0.901590186278964","50","0.1","10"
"balmy-sweep-411","","k85pm181","finished","","-","","","","2024-07-16T18:55:01.000Z","2024-07-16T19:05:20.000Z","2024-07-16T19:05:20.000Z","0.900863243980009","50","0.2","50"
"swept-sweep-98","","6dau669i","finished","","-","","","","2024-07-15T15:05:31.000Z","2024-07-15T15:15:40.000Z","2024-07-15T15:15:40.000Z","0.9001363016810541","70","0","40"
"royal-sweep-10","","rm9wobl0","finished","","-","","","","2024-07-15T05:58:42.000Z","2024-07-15T06:03:10.000Z","2024-07-15T06:03:10.000Z","0.9000454338936847","30","0","10"
"lyric-sweep-424","","0elgob9x","finished","","-","","","","2024-07-16T19:50:01.000Z","2024-07-16T19:56:56.000Z","2024-07-16T19:56:56.000Z","0.8995002271694684","40","0.3","10"
"pious-sweep-129","","9ix284ld","finished","","-","","","","2024-07-15T17:48:56.000Z","2024-07-15T18:00:42.000Z","2024-07-15T18:00:42.000Z","0.8989550204452521","30","0","50"
"sweet-sweep-408","","rrtqd8cz","finished","","-","","","","2024-07-16T18:36:38.000Z","2024-07-16T18:46:06.000Z","2024-07-16T18:46:06.000Z","0.8985006815084052","20","0.2","50"
"unique-sweep-502","","1vxat7s3","finished","","-","","","","2024-07-17T02:43:53.000Z","2024-07-17T02:51:38.000Z","2024-07-17T02:51:38.000Z","0.8962289868241708","50","0.3","30"
"glamorous-sweep-250","","7t93iswe","finished","","-","","","","2024-07-16T05:06:53.000Z","2024-07-16T05:12:56.000Z","2024-07-16T05:12:56.000Z","0.8952294411631077","50","0.1","40"
"glorious-sweep-275","","1vh3iloy","finished","","-","","","","2024-07-16T07:39:21.000Z","2024-07-16T07:45:26.000Z","2024-07-16T07:45:26.000Z","0.8951385733757383","20","0.1","50"
"dainty-sweep-96","","e37ikg7r","finished","","-","","","","2024-07-15T14:53:22.000Z","2024-07-15T14:59:21.000Z","2024-07-15T14:59:21.000Z","0.893866424352567","50","0","40"
"easy-sweep-45","","o423f88m","finished","","-","","","","2024-07-15T09:48:36.000Z","2024-07-15T10:02:52.000Z","2024-07-15T10:02:52.000Z","0.8921399363925488","30","0","20"
"feasible-sweep-155","","jpo8gzdx","finished","","-","","","","2024-07-15T20:23:29.000Z","2024-07-15T20:46:37.000Z","2024-07-15T20:46:37.000Z","0.8918673330304407","10","0.1","10"
"quiet-sweep-194","","bpcjow5z","finished","","-","","","","2024-07-16T00:21:04.000Z","2024-07-16T00:36:24.000Z","2024-07-16T00:36:24.000Z","0.8908677873693776","50","0.1","20"
"northern-sweep-27","","4fh4nm2z","finished","","-","","","","2024-07-15T07:44:33.000Z","2024-07-15T07:53:01.000Z","2024-07-15T07:53:01.000Z","0.8889595638346206","60","0","10"
"wobbly-sweep-236","","gz3u4lml","finished","","-","","","","2024-07-16T03:55:28.000Z","2024-07-16T04:02:19.000Z","2024-07-16T04:02:19.000Z","0.8886869604725125","50","0.1","40"
"breezy-sweep-130","","w25f52t2","finished","","-","","","","2024-07-15T18:00:43.000Z","2024-07-15T18:09:54.000Z","2024-07-15T18:09:54.000Z","0.8885960926851432","40","0","50"
"royal-sweep-471","","2wyvp8cl","finished","","-","","","","2024-07-17T00:33:25.000Z","2024-07-17T00:48:48.000Z","2024-07-17T00:48:48.000Z","0.8882326215356656","20","0.3","20"
"logical-sweep-72","","t6bhr8y6","finished","","-","","","","2024-07-15T12:48:28.000Z","2024-07-15T12:53:38.000Z","2024-07-15T12:53:38.000Z","0.8878691503861881","20","0","30"
"golden-sweep-32","","63iz6htx","finished","","-","","","","2024-07-15T08:19:29.000Z","2024-07-15T08:25:26.000Z","2024-07-15T08:25:26.000Z","0.8870513402998637","40","0","20"
"valiant-sweep-56","","runb4iuj","finished","","-","","","","2024-07-15T10:55:37.000Z","2024-07-15T10:59:58.000Z","2024-07-15T10:59:58.000Z","0.8867787369377556","70","0","20"
"skilled-sweep-293","","nsnbdvar","finished","","-","","","","2024-07-16T09:47:31.000Z","2024-07-16T10:09:03.000Z","2024-07-16T10:09:03.000Z","0.886415265788278","60","0.2","10"
"dutiful-sweep-220","","swrbrqbq","finished","","-","","","","2024-07-16T02:52:45.000Z","2024-07-16T02:56:15.000Z","2024-07-16T02:56:15.000Z","0.885688323489323","30","0.1","30"
"noble-sweep-222","","m8crags7","finished","","-","","","","2024-07-16T03:01:35.000Z","2024-07-16T03:05:07.000Z","2024-07-16T03:05:07.000Z","0.8845070422535212","50","0.1","30"
"upbeat-sweep-204","","m3wuugf6","finished","","-","","","","2024-07-16T01:32:24.000Z","2024-07-16T01:46:55.000Z","2024-07-16T01:46:55.000Z","0.8826896865061336","10","0.1","30"
"eternal-sweep-289","","p6izzz5s","finished","","-","","","","2024-07-16T09:15:18.000Z","2024-07-16T09:34:07.000Z","2024-07-16T09:34:07.000Z","0.8826896865061336","20","0.2","10"
"restful-sweep-60","","z7ahvqns","finished","","-","","","","2024-07-15T11:14:42.000Z","2024-07-15T11:22:17.000Z","2024-07-15T11:22:17.000Z","0.8818718764198091","40","0","30"
"crisp-sweep-179","","6cey4gr0","finished","","-","","","","2024-07-15T22:39:05.000Z","2024-07-15T22:45:10.000Z","2024-07-15T22:45:10.000Z","0.8814175374829623","40","0.1","20"
"exalted-sweep-126","","qdo5umdq","finished","","-","","","","2024-07-15T17:35:03.000Z","2024-07-15T17:39:19.000Z","2024-07-15T17:39:19.000Z","0.8810540663334848","70","0","50"
"upbeat-sweep-82","","09o0ij48","finished","","-","","","","2024-07-15T13:31:42.000Z","2024-07-15T13:39:24.000Z","2024-07-15T13:39:24.000Z","0.8809631985461154","50","0","30"
"summer-sweep-336","","wrqyxtrn","finished","","-","","","","2024-07-16T13:08:19.000Z","2024-07-16T13:20:20.000Z","2024-07-16T13:20:20.000Z","0.880145388459791","70","0.2","20"
"brisk-sweep-12","","0lbuyqag","finished","","-","","","","2024-07-15T06:09:10.000Z","2024-07-15T06:15:06.000Z","2024-07-15T06:15:06.000Z","0.8793275783734666","50","0","10"
"feasible-sweep-67","","wx1dp689","finished","","-","","","","2024-07-15T12:08:02.000Z","2024-07-15T12:19:20.000Z","2024-07-15T12:19:20.000Z","0.8792367105860972","40","0","30"
"effortless-sweep-17","","lvu700x9","finished","","-","","","","2024-07-15T06:35:00.000Z","2024-07-15T06:41:02.000Z","2024-07-15T06:41:02.000Z","0.8790549750113584","30","0","10"
"dazzling-sweep-112","","euuoung6","finished","","-","","","","2024-07-15T16:24:19.000Z","2024-07-15T16:31:12.000Z","2024-07-15T16:31:12.000Z","0.8789641072239891","70","0","40"
"visionary-sweep-149","","rjfsqyjc","finished","","-","","","","2024-07-15T19:44:38.000Z","2024-07-15T19:48:08.000Z","2024-07-15T19:48:08.000Z","0.8785097682871422","20","0.1","10"
"sage-sweep-256","","tdye6dod","finished","","-","","","","2024-07-16T05:47:54.000Z","2024-07-16T06:03:15.000Z","2024-07-16T06:03:15.000Z","0.8785097682871422","40","0.1","50"
"sage-sweep-291","","hlbh6w68","finished","","-","","","","2024-07-16T09:38:40.000Z","2024-07-16T09:44:43.000Z","2024-07-16T09:44:43.000Z","0.8784189004997728","40","0.2","10"
"curious-sweep-249","","90tq5eix","finished","","-","","","","2024-07-16T04:59:05.000Z","2024-07-16T05:06:50.000Z","2024-07-16T05:06:50.000Z","0.877510222626079","40","0.1","40"
"neat-sweep-251","","g2rsrdop","finished","","-","","","","2024-07-16T05:13:03.000Z","2024-07-16T05:20:50.000Z","2024-07-16T05:20:50.000Z","0.8768741481144934","60","0.1","40"
"firm-sweep-87","","k3lzttsl","finished","","-","","","","2024-07-15T14:00:28.000Z","2024-07-15T14:09:01.000Z","2024-07-15T14:09:01.000Z","0.8759654702407996","30","0","40"
"super-sweep-239","","37afttzd","finished","","-","","","","2024-07-16T04:17:55.000Z","2024-07-16T04:22:19.000Z","2024-07-16T04:22:19.000Z","0.8759654702407996","10","0.1","40"
"vital-sweep-163","","wtl54wvv","finished","","-","","","","2024-07-15T21:17:45.000Z","2024-07-15T21:26:23.000Z","2024-07-15T21:26:23.000Z","0.8755111313039527","20","0.1","10"
"stilted-sweep-144","","7ed1dzm8","finished","","-","","","","2024-07-15T19:03:53.000Z","2024-07-15T19:10:46.000Z","2024-07-15T19:10:46.000Z","0.8754202635165834","40","0.1","10"
"quiet-sweep-525","","zu9umnke","finished","","-","","","","2024-07-17T05:07:04.000Z","2024-07-17T05:19:03.000Z","2024-07-17T05:19:03.000Z","0.8731485688323489","70","0.3","40"
"quiet-sweep-313","","cmchkh3z","finished","","-","","","","2024-07-16T11:23:40.000Z","2024-07-16T11:28:01.000Z","2024-07-16T11:28:01.000Z","0.8727850976828714","50","0.2","20"
"rosy-sweep-214","","ugrjq78h","finished","","-","","","","2024-07-16T02:18:33.000Z","2024-07-16T02:33:50.000Z","2024-07-16T02:33:50.000Z","0.8717855520218083","40","0.1","30"
"curious-sweep-345","","1xvc6dot","finished","","-","","","","2024-07-16T13:51:38.000Z","2024-07-16T13:57:42.000Z","2024-07-16T13:57:42.000Z","0.871240345297592","20","0.2","30"
"scarlet-sweep-38","","8e4oiwf5","finished","","-","","","","2024-07-15T08:50:32.000Z","2024-07-15T08:53:58.000Z","2024-07-15T08:53:58.000Z","0.8708768741481145","30","0","20"
"celestial-sweep-228","","s2n56m7r","finished","","-","","","","2024-07-16T03:27:20.000Z","2024-07-16T03:32:31.000Z","2024-07-16T03:32:31.000Z","0.8700590640617901","40","0.1","40"
"silvery-sweep-41","","l59kepat","finished","","-","","","","2024-07-15T08:58:31.000Z","2024-07-15T09:08:35.000Z","2024-07-15T09:08:35.000Z","0.869786460699682","60","0","20"
"classic-sweep-26","","nzefz9o3","finished","","-","","","","2024-07-15T07:19:25.000Z","2024-07-15T07:44:29.000Z","2024-07-15T07:44:29.000Z","0.869332121762835","50","0","10"
"dutiful-sweep-210","","o9qnq10h","finished","","-","","","","2024-07-16T02:04:56.000Z","2024-07-16T02:08:28.000Z","2024-07-16T02:08:28.000Z","0.8682417083144025","70","0.1","30"
"feasible-sweep-181","","txf0iyg7","finished","","-","","","","2024-07-15T22:53:55.000Z","2024-07-15T22:59:57.000Z","2024-07-15T22:59:57.000Z","0.8677873693775556","60","0.1","20"
"bumbling-sweep-145","","rbvw8qlg","finished","","-","","","","2024-07-15T19:10:49.000Z","2024-07-15T19:20:15.000Z","2024-07-15T19:20:15.000Z","0.8676965015901863","50","0.1","10"
"northern-sweep-197","","5a4jigkj","finished","","-","","","","2024-07-16T00:52:05.000Z","2024-07-16T01:00:38.000Z","2024-07-16T01:00:38.000Z","0.8672421626533394","10","0.1","30"
"generous-sweep-382","","olke0lvz","finished","","-","","","","2024-07-16T16:22:18.000Z","2024-07-16T16:33:27.000Z","2024-07-16T16:33:27.000Z","0.86715129486597","40","0.2","40"
"fallen-sweep-234","","pssfy6wl","finished","","-","","","","2024-07-16T03:45:40.000Z","2024-07-16T03:52:36.000Z","2024-07-16T03:52:36.000Z","0.86715129486597","30","0.1","40"
"atomic-sweep-265","","81euemhe","finished","","-","","","","2024-07-16T06:38:01.000Z","2024-07-16T06:59:19.000Z","2024-07-16T06:59:19.000Z","0.8655156746933212","60","0.1","50"
"honest-sweep-79","","sw1nsg0h","finished","","-","","","","2024-07-15T13:16:30.000Z","2024-07-15T13:25:51.000Z","2024-07-15T13:25:51.000Z","0.8654248069059518","20","0","30"
"worthy-sweep-413","","pjkbuzbt","finished","","-","","","","2024-07-16T19:09:51.000Z","2024-07-16T19:15:05.000Z","2024-07-16T19:15:05.000Z","0.8653339391185825","70","0.2","50"
"blooming-sweep-4","","qy0orbia","finished","","-","","","","2024-07-15T05:20:30.000Z","2024-07-15T05:27:24.000Z","2024-07-15T05:27:24.000Z","0.8647887323943662","40","0","10"
"kind-sweep-58","","bbmu36xb","finished","","-","","","","2024-07-15T11:02:44.000Z","2024-07-15T11:07:02.000Z","2024-07-15T11:07:02.000Z","0.86424352567015","20","0","30"
"peachy-sweep-23","","44cdcnz0","finished","","-","","","","2024-07-15T07:03:03.000Z","2024-07-15T07:11:29.000Z","2024-07-15T07:11:29.000Z","0.8640617900954112","20","0","10"
"stilted-sweep-196","","dgxl4nob","finished","","-","","","","2024-07-16T00:40:02.000Z","2024-07-16T00:52:00.000Z","2024-07-16T00:52:00.000Z","0.8637891867333031","70","0.1","20"
"sweepy-sweep-69","","stz3144d","finished","","-","","","","2024-07-15T12:22:04.000Z","2024-07-15T12:24:40.000Z","2024-07-15T12:24:40.000Z","0.8636074511585643","60","0","30"
"cool-sweep-42","","s7k5hro0","finished","","-","","","","2024-07-15T09:08:39.000Z","2024-07-15T09:33:51.000Z","2024-07-15T09:33:51.000Z","0.8632439800090868","70","0","20"
"major-sweep-482","","um6djaix","finished","","-","","","","2024-07-17T01:25:48.000Z","2024-07-17T01:36:04.000Z","2024-07-17T01:36:04.000Z","0.8627896410722399","60","0.3","30"
"glorious-sweep-348","","mk6qg4kf","finished","","-","","","","2024-07-16T14:03:15.000Z","2024-07-16T14:07:38.000Z","2024-07-16T14:07:38.000Z","0.8619718309859155","50","0.2","30"
"blooming-sweep-5","","uuhzh1tu","finished","","-","","","","2024-07-15T05:27:26.000Z","2024-07-15T05:36:48.000Z","2024-07-15T05:36:48.000Z","0.8617900954111768","50","0","10"
"noble-sweep-260","","vvs103sl","finished","","-","","","","2024-07-16T06:15:01.000Z","2024-07-16T06:21:54.000Z","2024-07-16T06:21:54.000Z","0.8607905497501136","10","0.1","50"
"rich-sweep-523","","t2fnfyjd","finished","","-","","","","2024-07-17T04:57:16.000Z","2024-07-17T05:03:27.000Z","2024-07-17T05:03:27.000Z","0.8607905497501136","50","0.3","40"
"classic-sweep-274","","v1waegfs","finished","","-","","","","2024-07-16T07:35:43.000Z","2024-07-16T07:39:17.000Z","2024-07-16T07:39:17.000Z","0.8591549295774648","10","0.1","50"
"effortless-sweep-183","","35maonhy","finished","","-","","","","2024-07-15T23:03:34.000Z","2024-07-15T23:14:41.000Z","2024-07-15T23:14:41.000Z","0.8585188550658791","10","0.1","20"
"usual-sweep-61","","4hh5kczd","finished","","-","","","","2024-07-15T11:22:20.000Z","2024-07-15T11:29:58.000Z","2024-07-15T11:29:58.000Z","0.8581553839164017","50","0","30"
"colorful-sweep-218","","z7ncs272","finished","","-","","","","2024-07-16T02:48:07.000Z","2024-07-16T02:50:46.000Z","2024-07-16T02:50:46.000Z","0.8580645161290322","10","0.1","30"
"devoted-sweep-253","","drjbg0np","finished","","-","","","","2024-07-16T05:26:13.000Z","2024-07-16T05:42:22.000Z","2024-07-16T05:42:22.000Z","0.8580645161290322","10","0.1","50"
"flowing-sweep-94","","8hn9ye56","finished","","-","","","","2024-07-15T14:37:49.000Z","2024-07-15T14:47:12.000Z","2024-07-15T14:47:12.000Z","0.8579736483416629","30","0","40"
"wobbly-sweep-30","","7m0tm9in","finished","","-","","","","2024-07-15T08:11:35.000Z","2024-07-15T08:16:44.000Z","2024-07-15T08:16:44.000Z","0.8578827805542935","20","0","20"
"autumn-sweep-74","","z27mjs47","finished","","-","","","","2024-07-15T12:58:01.000Z","2024-07-15T13:01:29.000Z","2024-07-15T13:01:29.000Z","0.8577919127669241","40","0","30"
"fiery-sweep-36","","q78ta0ic","finished","","-","","","","2024-07-15T08:38:29.000Z","2024-07-15T08:44:30.000Z","2024-07-15T08:44:30.000Z","0.8576101771921854","10","0","20"
"glamorous-sweep-154","","5pn5kcck","finished","","-","","","","2024-07-15T20:18:53.000Z","2024-07-15T20:23:23.000Z","2024-07-15T20:23:23.000Z","0.8571558382553385","70","0.1","10"
"efficient-sweep-71","","b5jnbx2a","finished","","-","","","","2024-07-15T12:39:57.000Z","2024-07-15T12:48:27.000Z","2024-07-15T12:48:27.000Z","0.8571558382553385","10","0","30"
"sleek-sweep-203","","bah4lgwo","finished","","-","","","","2024-07-16T01:22:51.000Z","2024-07-16T01:32:20.000Z","2024-07-16T01:32:20.000Z","0.8568832348932304","70","0.1","30"
"sweet-sweep-456","","oztgym7t","finished","","-","","","","2024-07-16T23:31:20.000Z","2024-07-16T23:38:15.000Z","2024-07-16T23:38:15.000Z","0.8568832348932304","10","0.3","20"
"decent-sweep-409","","aw6qm4cw","finished","","-","","","","2024-07-16T18:46:10.000Z","2024-07-16T18:51:24.000Z","2024-07-16T18:51:24.000Z","0.8565197637437528","30","0.2","50"
"hopeful-sweep-361","","6lj53rk5","finished","","-","","","","2024-07-16T14:50:10.000Z","2024-07-16T14:56:15.000Z","2024-07-16T14:56:15.000Z","0.8562471603816447","40","0.2","30"
"eternal-sweep-242","","oyci1t5p","finished","","-","","","","2024-07-16T04:33:09.000Z","2024-07-16T04:38:21.000Z","2024-07-16T04:38:21.000Z","0.8558836892321672","40","0.1","40"
"crimson-sweep-365","","df7rv5h3","finished","","-","","","","2024-07-16T15:04:39.000Z","2024-07-16T15:09:01.000Z","2024-07-16T15:09:01.000Z","0.8556110858700591","10","0.2","40"
"peach-sweep-131","","j1rg7v01","finished","","-","","","","2024-07-15T18:09:57.000Z","2024-07-15T18:17:30.000Z","2024-07-15T18:17:30.000Z","0.8549750113584734","50","0","50"
"different-sweep-92","","fhvnn56l","finished","","-","","","","2024-07-15T14:20:39.000Z","2024-07-15T14:27:29.000Z","2024-07-15T14:27:29.000Z","0.8533393911858246","10","0","40"
"peachy-sweep-299","","5fafdxnf","finished","","-","","","","2024-07-16T10:27:11.000Z","2024-07-16T10:38:23.000Z","2024-07-16T10:38:23.000Z","0.8530667878237165","50","0.2","10"
"serene-sweep-545","","lwc3efms","finished","","-","","","","2024-07-17T06:44:47.000Z","2024-07-17T06:55:09.000Z","2024-07-17T06:55:09.000Z","0.8526124488868696","60","0.3","50"
"charmed-sweep-241","","tcp27f13","finished","","-","","","","2024-07-16T04:28:44.000Z","2024-07-16T04:33:05.000Z","2024-07-16T04:33:05.000Z","0.852248977737392","30","0.1","40"
"balmy-sweep-161","","9xpsjvjv","finished","","-","","","","2024-07-15T21:06:24.000Z","2024-07-15T21:12:25.000Z","2024-07-15T21:12:25.000Z","0.8518855065879146","70","0.1","10"
"dry-sweep-128","","zryo257b","finished","","-","","","","2024-07-15T17:42:52.000Z","2024-07-15T17:48:49.000Z","2024-07-15T17:48:49.000Z","0.8514311676510677","20","0","50"
"usual-sweep-372","","4sumtk1b","finished","","-","","","","2024-07-16T15:39:22.000Z","2024-07-16T15:42:53.000Z","2024-07-16T15:42:53.000Z","0.8494320763289414","10","0.2","40"
"fresh-sweep-105","","h3xmr1id","finished","","-","","","","2024-07-15T15:41:59.000Z","2024-07-15T15:49:42.000Z","2024-07-15T15:49:42.000Z","0.8492503407542026","70","0","40"
"clear-sweep-187","","vk8lia5y","finished","","-","","","","2024-07-15T23:27:09.000Z","2024-07-15T23:43:20.000Z","2024-07-15T23:43:20.000Z","0.8490686051794639","50","0.1","20"
"dandy-sweep-95","","p6zgia6j","finished","","-","","","","2024-07-15T14:47:17.000Z","2024-07-15T14:53:17.000Z","2024-07-15T14:53:17.000Z","0.8487960018173557","40","0","40"
"lively-sweep-343","","x0kcsm2o","finished","","-","","","","2024-07-16T13:39:24.000Z","2024-07-16T13:48:00.000Z","2024-07-16T13:48:00.000Z","0.8487051340299864","70","0.2","30"
"lyric-sweep-340","","xhaj9kg7","finished","","-","","","","2024-07-16T13:27:45.000Z","2024-07-16T13:31:16.000Z","2024-07-16T13:31:16.000Z","0.8482507950931395","40","0.2","30"
"giddy-sweep-135","","mg3sls2z","finished","","-","","","","2024-07-15T18:27:12.000Z","2024-07-15T18:32:17.000Z","2024-07-15T18:32:17.000Z","0.847887323943662","20","0","50"
"crimson-sweep-93","","hzgfrtgt","finished","","-","","","","2024-07-15T14:27:35.000Z","2024-07-15T14:37:44.000Z","2024-07-15T14:37:44.000Z","0.8475238527941844","20","0","40"
"deft-sweep-133","","55fcfmx3","finished","","-","","","","2024-07-15T18:19:24.000Z","2024-07-15T18:24:29.000Z","2024-07-15T18:24:29.000Z","0.8472512494320763","70","0","50"
"distinctive-sweep-428","","zobgt46p","finished","","-","","","","2024-07-16T20:07:53.000Z","2024-07-16T20:18:49.000Z","2024-07-16T20:18:49.000Z","0.8470695138573375","10","0.3","10"
"azure-sweep-335","","5p9c0ubw","finished","","-","","","","2024-07-16T13:04:45.000Z","2024-07-16T13:08:17.000Z","2024-07-16T13:08:17.000Z","0.8469786460699682","60","0.2","20"
"earnest-sweep-412","","c3dmvwyn","finished","","-","","","","2024-07-16T19:05:25.000Z","2024-07-16T19:09:47.000Z","2024-07-16T19:09:47.000Z","0.8467060427078601","60","0.2","50"
"good-sweep-399","","um91o82c","finished","","-","","","","2024-07-16T17:48:07.000Z","2024-07-16T17:58:24.000Z","2024-07-16T17:58:24.000Z","0.8462517037710132","70","0.2","50"
"different-sweep-512","","mx31rr5d","finished","","-","","","","2024-07-17T03:45:31.000Z","2024-07-17T03:52:25.000Z","2024-07-17T03:52:25.000Z","0.8461608359836438","10","0.3","40"
"hardy-sweep-436","","bsr81yhm","finished","","-","","","","2024-07-16T20:57:40.000Z","2024-07-16T21:11:20.000Z","2024-07-16T21:11:20.000Z","0.8450704225352113","20","0.3","10"
"floral-sweep-198","","ws6ahte9","finished","","-","","","","2024-07-16T01:00:40.000Z","2024-07-16T01:05:02.000Z","2024-07-16T01:05:02.000Z","0.8444343480236256","20","0.1","30"
"giddy-sweep-252","","08i5ipxk","finished","","-","","","","2024-07-16T05:20:56.000Z","2024-07-16T05:26:08.000Z","2024-07-16T05:26:08.000Z","0.8444343480236256","70","0.1","40"
"cosmic-sweep-53","","xqcrrvxf","finished","","-","","","","2024-07-15T10:45:54.000Z","2024-07-15T10:48:31.000Z","2024-07-15T10:48:31.000Z","0.8437074057246706","40","0","20"
"devout-sweep-444","","66d6kevx","finished","","-","","","","2024-07-16T21:54:53.000Z","2024-07-16T22:20:27.000Z","2024-07-16T22:20:27.000Z","0.8424352567014993","30","0.3","10"
"graceful-sweep-516","","jj05n1gy","finished","","-","","","","2024-07-17T04:04:07.000Z","2024-07-17T04:23:37.000Z","2024-07-17T04:23:37.000Z","0.8415265788278056","50","0.3","40"
"sunny-sweep-283","","ejhy36q8","finished","","-","","","","2024-07-16T08:47:01.000Z","2024-07-16T08:55:40.000Z","2024-07-16T08:55:40.000Z","0.841163107678328","30","0.2","10"
"fast-sweep-169","","mdffqz58","finished","","-","","","","2024-07-15T21:46:16.000Z","2024-07-15T21:51:33.000Z","2024-07-15T21:51:33.000Z","0.8407087687414811","10","0.1","20"
"tough-sweep-273","","gi0xzwmn","finished","","-","","","","2024-07-16T07:29:34.000Z","2024-07-16T07:35:39.000Z","2024-07-16T07:35:39.000Z","0.8405270331667424","70","0.1","50"
"dulcet-sweep-476","","4snt5a4y","finished","","-","","","","2024-07-17T01:04:54.000Z","2024-07-17T01:10:08.000Z","2024-07-17T01:10:08.000Z","0.8403452975920036","70","0.3","20"
"breezy-sweep-59","","vkibam85","finished","","-","","","","2024-07-15T11:07:05.000Z","2024-07-15T11:14:38.000Z","2024-07-15T11:14:38.000Z","0.8401635620172648","30","0","30"
"effortless-sweep-534","","0kiiagjt","finished","","-","","","","2024-07-17T05:55:43.000Z","2024-07-17T06:02:39.000Z","2024-07-17T06:02:39.000Z","0.8396183552930486","20","0.3","50"
"summer-sweep-46","","mulwh8pt","finished","","-","","","","2024-07-15T10:02:54.000Z","2024-07-15T10:16:21.000Z","2024-07-15T10:16:21.000Z","0.8394366197183099","40","0","20"
"serene-sweep-494","","hn6qr64g","finished","","-","","","","2024-07-17T02:12:18.000Z","2024-07-17T02:18:22.000Z","2024-07-17T02:18:22.000Z","0.8386188096319854","40","0.3","30"
"upbeat-sweep-338","","h8z67upb","finished","","-","","","","2024-07-16T13:22:17.000Z","2024-07-16T13:25:48.000Z","2024-07-16T13:25:48.000Z","0.838255338482508","20","0.2","30"
"frosty-sweep-398","","ka4cp1jh","finished","","-","","","","2024-07-16T17:42:02.000Z","2024-07-16T17:48:04.000Z","2024-07-16T17:48:04.000Z","0.8380736029077692","60","0.2","50"
"polished-sweep-123","","eo6op6o3","finished","","-","","","","2024-07-15T17:06:09.000Z","2024-07-15T17:20:24.000Z","2024-07-15T17:20:24.000Z","0.8379827351203998","40","0","50"
"crimson-sweep-84","","grc3lj66","finished","","-","","","","2024-07-15T13:42:16.000Z","2024-07-15T13:45:47.000Z","2024-07-15T13:45:47.000Z","0.8375283961835529","70","0","30"
"cool-sweep-431","","yln457jf","finished","","-","","","","2024-07-16T20:28:48.000Z","2024-07-16T20:37:26.000Z","2024-07-16T20:37:26.000Z","0.8369831894593367","40","0.3","10"
"gallant-sweep-138","","badkt4yg","finished","","-","","","","2024-07-15T18:40:12.000Z","2024-07-15T18:46:10.000Z","2024-07-15T18:46:10.000Z","0.8359836437982735","50","0","50"
"clear-sweep-323","","hb9tnob0","finished","","-","","","","2024-07-16T12:02:06.000Z","2024-07-16T12:07:20.000Z","2024-07-16T12:07:20.000Z","0.8358019082235347","10","0.2","20"
"amber-sweep-442","","xpa3ajrw","finished","","-","","","","2024-07-16T21:49:20.000Z","2024-07-16T21:52:01.000Z","2024-07-16T21:52:01.000Z","0.8338028169014085","10","0.3","10"
"robust-sweep-106","","y73ikps8","finished","","-","","","","2024-07-15T15:49:47.000Z","2024-07-15T15:55:47.000Z","2024-07-15T15:55:47.000Z","0.8337119491140391","10","0","40"
"gallant-sweep-266","","m3h04oar","finished","","-","","","","2024-07-16T06:59:21.000Z","2024-07-16T07:08:49.000Z","2024-07-16T07:08:49.000Z","0.8335302135393003","70","0.1","50"
"azure-sweep-86","","t594zrvy","finished","","-","","","","2024-07-15T13:47:44.000Z","2024-07-15T14:00:24.000Z","2024-07-15T14:00:24.000Z","0.8331667423898228","20","0","40"
"fluent-sweep-100","","sgd4ur8l","finished","","-","","","","2024-07-15T15:20:06.000Z","2024-07-15T15:22:44.000Z","2024-07-15T15:22:44.000Z","0.8330758746024535","20","0","40"
"twilight-sweep-281","","0eugbphu","finished","","-","","","","2024-07-16T08:35:38.000Z","2024-07-16T08:40:50.000Z","2024-07-16T08:40:50.000Z","0.8328032712403453","10","0.2","10"
"lyric-sweep-454","","glino7fg","finished","","-","","","","2024-07-16T23:24:09.000Z","2024-07-16T23:29:23.000Z","2024-07-16T23:29:23.000Z","0.8326215356656066","60","0.3","20"
"graceful-sweep-35","","4y3uktki","finished","","-","","","","2024-07-15T08:31:38.000Z","2024-07-15T08:38:23.000Z","2024-07-15T08:38:23.000Z","0.8324398000908678","70","0","20"
"fearless-sweep-180","","uw875wfw","finished","","-","","","","2024-07-15T22:45:15.000Z","2024-07-15T22:53:51.000Z","2024-07-15T22:53:51.000Z","0.8314402544298046","50","0.1","20"
"azure-sweep-270","","s0c3foju","finished","","-","","","","2024-07-16T07:22:16.000Z","2024-07-16T07:24:58.000Z","2024-07-16T07:24:58.000Z","0.8312585188550659","40","0.1","50"
"dandy-sweep-515","","co1u4lte","finished","","-","","","","2024-07-17T03:57:58.000Z","2024-07-17T04:04:03.000Z","2024-07-17T04:04:03.000Z","0.8312585188550659","40","0.3","40"
"avid-sweep-392","","td9tsp9u","finished","","-","","","","2024-07-16T17:09:40.000Z","2024-07-16T17:13:10.000Z","2024-07-16T17:13:10.000Z","0.8307133121308496","70","0.2","40"
"rural-sweep-240","","0xxpvwyo","finished","","-","","","","2024-07-16T04:22:25.000Z","2024-07-16T04:28:31.000Z","2024-07-16T04:28:31.000Z","0.8305315765561109","20","0.1","40"
"lucky-sweep-13","","rzki96jf","finished","","-","","","","2024-07-15T06:15:09.000Z","2024-07-15T06:21:54.000Z","2024-07-15T06:21:54.000Z","0.8304407087687414","60","0","10"
"dry-sweep-9","","yiucatrz","finished","","-","","","","2024-07-15T05:50:08.000Z","2024-07-15T05:58:38.000Z","2024-07-15T05:58:38.000Z","0.8297137664697865","20","0","10"
"rich-sweep-124","","lkdzy8ua","finished","","-","","","","2024-07-15T17:20:28.000Z","2024-07-15T17:28:06.000Z","2024-07-15T17:28:06.000Z","0.8294411631076783","50","0","50"
"fragrant-sweep-125","","xt0rng76","finished","","-","","","","2024-07-15T17:28:12.000Z","2024-07-15T17:35:00.000Z","2024-07-15T17:35:00.000Z","0.8291685597455702","60","0","50"
"vibrant-sweep-118","","4iiifdl4","finished","","-","","","","2024-07-15T16:44:47.000Z","2024-07-15T16:50:50.000Z","2024-07-15T16:50:50.000Z","0.8291685597455702","60","0","50"
"wise-sweep-527","","8p7gy4qm","finished","","-","","","","2024-07-17T05:23:32.000Z","2024-07-17T05:27:54.000Z","2024-07-17T05:27:54.000Z","0.8289868241708315","20","0.3","40"
"rosy-sweep-314","","0zdp1mgl","finished","","-","","","","2024-07-16T11:28:06.000Z","2024-07-16T11:32:29.000Z","2024-07-16T11:32:29.000Z","0.8288050885960927","60","0.2","20"
"glorious-sweep-102","","3l3y6qc3","finished","","-","","","","2024-07-15T15:24:38.000Z","2024-07-15T15:29:48.000Z","2024-07-15T15:29:48.000Z","0.8282598818718764","40","0","40"
"crimson-sweep-481","","ma51xxkl","finished","","-","","","","2024-07-17T01:23:01.000Z","2024-07-17T01:25:46.000Z","2024-07-17T01:25:46.000Z","0.8268968650613358","50","0.3","30"
"vibrant-sweep-535","","5weo6d2e","finished","","-","","","","2024-07-17T06:02:43.000Z","2024-07-17T06:13:53.000Z","2024-07-17T06:13:53.000Z","0.826715129486597","30","0.3","50"
"treasured-sweep-168","","sbg7mh7m","finished","","-","","","","2024-07-15T21:42:32.000Z","2024-07-15T21:46:10.000Z","2024-07-15T21:46:10.000Z","0.8265333939118582","70","0.1","10"
"bright-sweep-16","","qwiv0zdv","finished","","-","","","","2024-07-15T06:26:30.000Z","2024-07-15T06:34:54.000Z","2024-07-15T06:34:54.000Z","0.8263516583371195","20","0","10"
"giddy-sweep-334","","dyc0dsm9","finished","","-","","","","2024-07-16T12:59:26.000Z","2024-07-16T13:04:41.000Z","2024-07-16T13:04:41.000Z","0.8258064516129032","50","0.2","20"
"vivid-sweep-22","","r8bpb2f7","finished","","-","","","","2024-07-15T06:57:04.000Z","2024-07-15T07:03:00.000Z","2024-07-15T07:03:00.000Z","0.8257155838255339","10","0","10"
"efficient-sweep-73","","t2fru5g9","finished","","-","","","","2024-07-15T12:53:40.000Z","2024-07-15T12:57:58.000Z","2024-07-15T12:57:58.000Z","0.8255338482507951","30","0","30"
"atomic-sweep-157","","xuaqughr","finished","","-","","","","2024-07-15T20:49:25.000Z","2024-07-15T20:55:27.000Z","2024-07-15T20:55:27.000Z","0.8250795093139482","30","0.1","10"
"genial-sweep-353","","euptkkdb","finished","","-","","","","2024-07-16T14:20:31.000Z","2024-07-16T14:26:34.000Z","2024-07-16T14:26:34.000Z","0.8247160381644707","30","0.2","30"
"misunderstood-sweep-490","","i2fwsvlw","finished","","-","","","","2024-07-17T02:01:11.000Z","2024-07-17T02:05:33.000Z","2024-07-17T02:05:33.000Z","0.8246251703771014","70","0.3","30"
"faithful-sweep-446","","949nmgwq","finished","","-","","","","2024-07-16T22:30:50.000Z","2024-07-16T22:38:37.000Z","2024-07-16T22:38:37.000Z","0.8238982280781463","50","0.3","10"
"driven-sweep-37","","lenrcpqn","finished","","-","","","","2024-07-15T08:44:33.000Z","2024-07-15T08:50:30.000Z","2024-07-15T08:50:30.000Z","0.8235347569286687","20","0","20"
"fiery-sweep-150","","p0okx9ia","finished","","-","","","","2024-07-15T19:48:11.000Z","2024-07-15T19:53:21.000Z","2024-07-15T19:53:21.000Z","0.8234438891412994","30","0.1","10"
"vivid-sweep-108","","apylk48u","finished","","-","","","","2024-07-15T15:58:34.000Z","2024-07-15T16:09:26.000Z","2024-07-15T16:09:26.000Z","0.8230804179918219","30","0","40"
"playful-sweep-351","","qar1zu8p","finished","","-","","","","2024-07-16T14:12:27.000Z","2024-07-16T14:16:51.000Z","2024-07-16T14:16:51.000Z","0.8228078146297138","10","0.2","30"
"ethereal-sweep-226","","saxozqdl","finished","","-","","","","2024-07-16T03:18:30.000Z","2024-07-16T03:22:50.000Z","2024-07-16T03:22:50.000Z","0.822626079054975","20","0.1","40"
"atomic-sweep-62","","ae2ikjo4","finished","","-","","","","2024-07-15T11:30:03.000Z","2024-07-15T11:33:34.000Z","2024-07-15T11:33:34.000Z","0.8222626079054975","60","0","30"
"usual-sweep-89","","4h7a9e3t","finished","","-","","","","2024-07-15T14:10:52.000Z","2024-07-15T14:13:30.000Z","2024-07-15T14:13:30.000Z","0.8209904588823262","50","0","40"
"vivid-sweep-325","","g4x6fjwr","finished","","-","","","","2024-07-16T12:10:10.000Z","2024-07-16T12:22:55.000Z","2024-07-16T12:22:55.000Z","0.8201726487960018","30","0.2","20"
"winter-sweep-433","","amaj152n","finished","","-","","","","2024-07-16T20:42:45.000Z","2024-07-16T20:47:58.000Z","2024-07-16T20:47:58.000Z","0.8199000454338937","60","0.3","10"
"dainty-sweep-404","","cm06nhpv","finished","","-","","","","2024-07-16T18:20:34.000Z","2024-07-16T18:23:15.000Z","2024-07-16T18:23:15.000Z","0.8192639709223081","50","0.2","50"
"soft-sweep-415","","amtyy7qg","finished","","-","","","","2024-07-16T19:18:41.000Z","2024-07-16T19:22:13.000Z","2024-07-16T19:22:13.000Z","0.8188096319854612","20","0.2","50"
"elated-sweep-24","","1npljy6j","finished","","-","","","","2024-07-15T07:11:32.000Z","2024-07-15T07:16:39.000Z","2024-07-15T07:16:39.000Z","0.8186278964107224","30","0","10"
"fiery-sweep-498","","1h0l3vqc","finished","","-","","","","2024-07-17T02:27:39.000Z","2024-07-17T02:34:36.000Z","2024-07-17T02:34:36.000Z","0.8182644252612449","10","0.3","30"
"tough-sweep-378","","oojl93u7","finished","","-","","","","2024-07-16T16:01:59.000Z","2024-07-16T16:09:44.000Z","2024-07-16T16:09:44.000Z","0.8179009541117673","70","0.2","40"
"laced-sweep-297","","v98v9p8w","finished","","-","","","","2024-07-16T10:19:06.000Z","2024-07-16T10:24:21.000Z","2024-07-16T10:24:21.000Z","0.8168105406633348","30","0.2","10"
"silver-sweep-268","","nn1bnvzt","finished","","-","","","","2024-07-16T07:14:11.000Z","2024-07-16T07:18:36.000Z","2024-07-16T07:18:36.000Z","0.8167196728759655","20","0.1","50"
"rosy-sweep-354","","7vb7a3kl","finished","","-","","","","2024-07-16T14:26:36.000Z","2024-07-16T14:29:14.000Z","2024-07-16T14:29:14.000Z","0.8166288050885961","40","0.2","30"
"major-sweep-221","","m9tin1mt","finished","","-","","","","2024-07-16T02:56:18.000Z","2024-07-16T03:01:30.000Z","2024-07-16T03:01:30.000Z","0.8165379373012267","40","0.1","30"
"soft-sweep-76","","h5kwawfi","finished","","-","","","","2024-07-15T13:05:08.000Z","2024-07-15T13:12:46.000Z","2024-07-15T13:12:46.000Z","0.8165379373012267","60","0","30"
"twilight-sweep-19","","1wqvblpv","finished","","-","","","","2024-07-15T06:43:47.000Z","2024-07-15T06:50:32.000Z","2024-07-15T06:50:32.000Z","0.8153566560654248","50","0","10"
"neat-sweep-244","","v68hkjta","finished","","-","","","","2024-07-16T04:42:00.000Z","2024-07-16T04:47:12.000Z","2024-07-16T04:47:12.000Z","0.8138119036801454","60","0.1","40"
"playful-sweep-457","","yxt0l6lj","finished","","-","","","","2024-07-16T23:38:16.000Z","2024-07-16T23:41:49.000Z","2024-07-16T23:41:49.000Z","0.8133575647432985","20","0.3","20"
"breezy-sweep-223","","3nw1i19f","finished","","-","","","","2024-07-16T03:05:09.000Z","2024-07-16T03:08:42.000Z","2024-07-16T03:08:42.000Z","0.8128123580190822","60","0.1","30"
"swept-sweep-207","","wv7y3jq0","finished","","-","","","","2024-07-16T01:53:18.000Z","2024-07-16T01:59:20.000Z","2024-07-16T01:59:20.000Z","0.8127214902317128","40","0.1","30"
"exalted-sweep-434","","hijcgh9a","finished","","-","","","","2024-07-16T20:48:03.000Z","2024-07-16T20:54:04.000Z","2024-07-16T20:54:04.000Z","0.8119945479327578","70","0.3","10"
"faithful-sweep-238","","eqp5u0r5","finished","","-","","","","2024-07-16T04:05:58.000Z","2024-07-16T04:17:49.000Z","2024-07-16T04:17:49.000Z","0.8116310767832803","70","0.1","40"
"driven-sweep-146","","zef4zh1l","finished","","-","","","","2024-07-15T19:20:17.000Z","2024-07-15T19:26:22.000Z","2024-07-15T19:26:22.000Z","0.811540208995911","60","0.1","10"
"lilac-sweep-280","","5cv6rdnf","finished","","-","","","","2024-07-16T08:32:04.000Z","2024-07-16T08:35:35.000Z","2024-07-16T08:35:35.000Z","0.8106315311222172","70","0.1","50"
"glamorous-sweep-66","","vj5gdcox","finished","","-","","","","2024-07-15T11:54:09.000Z","2024-07-15T12:08:00.000Z","2024-07-15T12:08:00.000Z","0.8105406633348478","30","0","30"
"giddy-sweep-468","","pblwwoxc","finished","","-","","","","2024-07-17T00:20:09.000Z","2024-07-17T00:22:49.000Z","2024-07-17T00:22:49.000Z","0.8103589277601091","60","0.3","20"
"bumbling-sweep-48","","wca74bmp","finished","","-","","","","2024-07-15T10:19:58.000Z","2024-07-15T10:25:56.000Z","2024-07-15T10:25:56.000Z","0.8101771921853703","60","0","20"
"helpful-sweep-451","","8e2ofamr","finished","","-","","","","2024-07-16T22:52:15.000Z","2024-07-16T23:00:53.000Z","2024-07-16T23:00:53.000Z","0.8101771921853703","30","0.3","20"
"smart-sweep-44","","v2rhof28","finished","","-","","","","2024-07-15T09:43:24.000Z","2024-07-15T09:48:31.000Z","2024-07-15T09:48:31.000Z","0.8100863243980009","20","0","20"
"ancient-sweep-427","","6l3fg8g7","finished","","-","","","","2024-07-16T20:01:43.000Z","2024-07-16T20:07:49.000Z","2024-07-16T20:07:49.000Z","0.807723761926397","70","0.3","10"
"neat-sweep-486","","bwr4t120","finished","","-","","","","2024-07-17T01:46:52.000Z","2024-07-17T01:50:23.000Z","2024-07-17T01:50:23.000Z","0.8071785552021808","30","0.3","30"
"soft-sweep-11","","dl2c0b94","finished","","-","","","","2024-07-15T06:03:58.000Z","2024-07-15T06:09:05.000Z","2024-07-15T06:09:05.000Z","0.8059064061790095","40","0","10"
"noble-sweep-387","","nvzay2tp","finished","","-","","","","2024-07-16T16:45:33.000Z","2024-07-16T16:52:28.000Z","2024-07-16T16:52:28.000Z","0.8057246706042708","20","0.2","40"
"curious-sweep-532","","nfbjj8nq","finished","","-","","","","2024-07-17T05:44:17.000Z","2024-07-17T05:52:53.000Z","2024-07-17T05:52:53.000Z","0.8056338028169014","70","0.3","40"
"glorious-sweep-282","","fbfsqkhs","finished","","-","","","","2024-07-16T08:40:52.000Z","2024-07-16T08:46:57.000Z","2024-07-16T08:46:57.000Z","0.8052703316674239","20","0.2","10"
"elated-sweep-295","","3tv9jbiy","finished","","-","","","","2024-07-16T10:11:54.000Z","2024-07-16T10:17:09.000Z","2024-07-16T10:17:09.000Z","0.8051794638800546","10","0.2","10"
"amber-sweep-546","","dgsd4181","finished","","-","","","","2024-07-17T06:55:15.000Z","2024-07-17T07:05:38.000Z","2024-07-17T07:05:38.000Z","0.8049977283053158","70","0.3","50"
"swift-sweep-500","","bjdgd7h5","finished","","-","","","","2024-07-17T02:36:35.000Z","2024-07-17T02:41:04.000Z","2024-07-17T02:41:04.000Z","0.8049068605179464","30","0.3","30"
"glad-sweep-369","","glegn29q","finished","","-","","","","2024-07-16T15:31:12.000Z","2024-07-16T15:34:43.000Z","2024-07-16T15:34:43.000Z","0.8044525215810995","50","0.2","40"
"astral-sweep-373","","lu2dm2z5","finished","","-","","","","2024-07-16T15:42:55.000Z","2024-07-16T15:49:50.000Z","2024-07-16T15:49:50.000Z","0.8034529759200364","20","0.2","40"
"crimson-sweep-322","","8ltvxpru","finished","","-","","","","2024-07-16T11:56:49.000Z","2024-07-16T12:02:05.000Z","2024-07-16T12:02:05.000Z","0.8029077691958201","70","0.2","20"
"woven-sweep-215","","kfjewm3x","finished","","-","","","","2024-07-16T02:33:53.000Z","2024-07-16T02:40:49.000Z","2024-07-16T02:40:49.000Z","0.8019082235347569","50","0.1","30"
"genial-sweep-99","","z640dqts","finished","","-","","","","2024-07-15T15:15:45.000Z","2024-07-15T15:20:03.000Z","2024-07-15T15:20:03.000Z","0.8013630168105407","10","0","40"
"young-sweep-54","","vsr7by10","finished","","-","","","","2024-07-15T10:48:35.000Z","2024-07-15T10:52:52.000Z","2024-07-15T10:52:52.000Z","0.8008178100863244","50","0","20"
"true-sweep-285","","xm3wrsg9","finished","","-","","","","2024-07-16T09:00:59.000Z","2024-07-16T09:04:30.000Z","2024-07-16T09:04:30.000Z","0.8008178100863244","50","0.2","10"
"earnest-sweep-261","","37o21hb6","finished","","-","","","","2024-07-16T06:21:57.000Z","2024-07-16T06:25:29.000Z","2024-07-16T06:25:29.000Z","0.8005452067242163","20","0.1","50"
"serene-sweep-122","","c1pwxjev","finished","","-","","","","2024-07-15T17:01:44.000Z","2024-07-15T17:06:05.000Z","2024-07-15T17:06:05.000Z","0.8002726033621081","30","0","50"
"ruby-sweep-441","","myxh5nsz","finished","","-","","","","2024-07-16T21:43:57.000Z","2024-07-16T21:49:15.000Z","2024-07-16T21:49:15.000Z","0.8001817355747387","70","0.3","10"
"resilient-sweep-279","","b598wz2g","finished","","-","","","","2024-07-16T08:22:32.000Z","2024-07-16T08:32:01.000Z","2024-07-16T08:32:01.000Z","0.7993639254884144","60","0.1","50"
"cosmic-sweep-537","","df2zj187","finished","","-","","","","2024-07-17T06:16:45.000Z","2024-07-17T06:25:24.000Z","2024-07-17T06:25:24.000Z","0.7993639254884144","50","0.3","50"
"astral-sweep-195","","vul3o96j","finished","","-","","","","2024-07-16T00:36:29.000Z","2024-07-16T00:40:00.000Z","2024-07-16T00:40:00.000Z","0.7989095865515675","60","0.1","20"
"stoic-sweep-177","","iqi96oc6","finished","","-","","","","2024-07-15T22:32:40.000Z","2024-07-15T22:36:12.000Z","2024-07-15T22:36:12.000Z","0.7983643798273512","20","0.1","20"
"daily-sweep-152","","m658o61x","finished","","-","","","","2024-07-15T19:56:13.000Z","2024-07-15T20:09:52.000Z","2024-07-15T20:09:52.000Z","0.7975465697410268","50","0.1","10"
"peach-sweep-75","","z79u7ihb","finished","","-","","","","2024-07-15T13:01:34.000Z","2024-07-15T13:05:02.000Z","2024-07-15T13:05:02.000Z","0.7974557019536574","50","0","30"
"serene-sweep-91","","3w61f6rr","finished","","-","","","","2024-07-15T14:16:16.000Z","2024-07-15T14:20:34.000Z","2024-07-15T14:20:34.000Z","0.7974557019536574","70","0","40"
"floral-sweep-7","","z66igpd2","finished","","-","","","","2024-07-15T05:38:47.000Z","2024-07-15T05:45:40.000Z","2024-07-15T05:45:40.000Z","0.7968196274420718","70","0","10"
"whole-sweep-1","","59k6dg0d","finished","","-","","","","2024-07-15T05:11:30.000Z","2024-07-15T05:14:59.000Z","2024-07-15T05:14:59.000Z","0.7962744207178555","10","0","10"
"robust-sweep-470","","fvdd5qfw","finished","","-","","","","2024-07-17T00:27:15.000Z","2024-07-17T00:33:21.000Z","2024-07-17T00:33:21.000Z","0.7960926851431168","10","0.3","20"
"azure-sweep-473","","9od4qnk8","finished","","-","","","","2024-07-17T00:53:16.000Z","2024-07-17T00:58:29.000Z","2024-07-17T00:58:29.000Z","0.7953657428441617","40","0.3","20"
"balmy-sweep-389","","lpgzn5df","finished","","-","","","","2024-07-16T16:59:41.000Z","2024-07-16T17:04:06.000Z","2024-07-16T17:04:06.000Z","0.7952748750567924","40","0.2","40"
"chocolate-sweep-121","","krw7pil9","finished","","-","","","","2024-07-15T16:57:19.000Z","2024-07-15T17:01:38.000Z","2024-07-15T17:01:38.000Z","0.7949114039073149","20","0","50"
"toasty-sweep-211","","hyzgmuvr","finished","","-","","","","2024-07-16T02:08:34.000Z","2024-07-16T02:12:10.000Z","2024-07-16T02:12:10.000Z","0.7945479327578373","10","0.1","30"
"vague-sweep-520","","8pya2se8","finished","","-","","","","2024-07-17T04:44:41.000Z","2024-07-17T04:50:00.000Z","2024-07-17T04:50:00.000Z","0.7942753293957292","20","0.3","40"
"lilac-sweep-506","","taba4bno","finished","","-","","","","2024-07-17T02:59:54.000Z","2024-07-17T03:03:26.000Z","2024-07-17T03:03:26.000Z","0.7926397092230805","20","0.3","40"
"exalted-sweep-49","","5pczigdu","finished","","-","","","","2024-07-15T10:25:57.000Z","2024-07-15T10:32:45.000Z","2024-07-15T10:32:45.000Z","0.7922762380736029","70","0","20"
"robust-sweep-158","","769jyds0","finished","","-","","","","2024-07-15T20:55:29.000Z","2024-07-15T20:59:50.000Z","2024-07-15T20:59:50.000Z","0.7917310313493866","40","0.1","10"
"exalted-sweep-47","","mzb0e6pt","finished","","-","","","","2024-07-15T10:16:25.000Z","2024-07-15T10:19:55.000Z","2024-07-15T10:19:55.000Z","0.7914584279872785","50","0","20"
"grateful-sweep-267","","3shgke8o","finished","","-","","","","2024-07-16T07:08:53.000Z","2024-07-16T07:14:05.000Z","2024-07-16T07:14:05.000Z","0.7913675601999092","10","0.1","50"
"balmy-sweep-505","","vfgcaf6t","finished","","-","","","","2024-07-17T02:56:21.000Z","2024-07-17T02:59:51.000Z","2024-07-17T02:59:51.000Z","0.7909132212630623","10","0.3","40"
"lively-sweep-508","","4gsmi971","finished","","-","","","","2024-07-17T03:08:45.000Z","2024-07-17T03:15:39.000Z","2024-07-17T03:15:39.000Z","0.7902771467514766","40","0.3","40"
"earnest-sweep-85","","xz3mjkto","finished","","-","","","","2024-07-15T13:45:50.000Z","2024-07-15T13:47:40.000Z","2024-07-15T13:47:40.000Z","0.7900954111767379","10","0","40"
"sunny-sweep-390","","xiqz5c16","finished","","-","","","","2024-07-16T17:04:12.000Z","2024-07-16T17:06:53.000Z","2024-07-16T17:06:53.000Z","0.7882780554293503","50","0.2","40"
"rural-sweep-139","","gtx423lz","finished","","-","","","","2024-07-15T18:46:11.000Z","2024-07-15T18:52:08.000Z","2024-07-15T18:52:08.000Z","0.7880963198546116","60","0","50"
"silvery-sweep-284","","73ld2ot4","finished","","-","","","","2024-07-16T08:55:42.000Z","2024-07-16T09:00:55.000Z","2024-07-16T09:00:55.000Z","0.7880963198546116","40","0.2","10"
"wild-sweep-510","","qyji6ml0","finished","","-","","","","2024-07-17T03:19:29.000Z","2024-07-17T03:22:12.000Z","2024-07-17T03:22:12.000Z","0.7873693775556565","60","0.3","40"
"pretty-sweep-358","","3xeuidov","finished","","-","","","","2024-07-16T14:37:31.000Z","2024-07-16T14:42:50.000Z","2024-07-16T14:42:50.000Z","0.7868241708314403","10","0.2","30"
"quiet-sweep-193","","mgfjnalr","finished","","-","","","","2024-07-16T00:08:25.000Z","2024-07-16T00:21:00.000Z","2024-07-16T00:21:00.000Z","0.7865515674693321","40","0.1","20"
"driven-sweep-40","","mbd86j2d","finished","","-","","","","2024-07-15T08:55:49.000Z","2024-07-15T08:58:27.000Z","2024-07-15T08:58:27.000Z","0.7859154929577464","50","0","20"
"avid-sweep-302","","88qsifps","finished","","-","","","","2024-07-16T10:46:38.000Z","2024-07-16T10:51:02.000Z","2024-07-16T10:51:02.000Z","0.7859154929577464","10","0.2","10"
"dauntless-sweep-301","","rmsnavmi","finished","","-","","","","2024-07-16T10:41:15.000Z","2024-07-16T10:46:33.000Z","2024-07-16T10:46:33.000Z","0.7854611540208996","70","0.2","10"
"unique-sweep-162","","rrqw1r6m","finished","","-","","","","2024-07-15T21:12:28.000Z","2024-07-15T21:17:42.000Z","2024-07-15T21:17:42.000Z","0.7850068150840527","10","0.1","10"
"proud-sweep-233","","uc109ra2","finished","","-","","","","2024-07-16T03:40:27.000Z","2024-07-16T03:45:36.000Z","2024-07-16T03:45:36.000Z","0.7848250795093139","20","0.1","40"
"classic-sweep-77","","odn59o9a","finished","","-","","","","2024-07-15T13:12:50.000Z","2024-07-15T13:14:38.000Z","2024-07-15T13:14:38.000Z","0.7847342117219446","70","0","30"
"summer-sweep-164","","y0pru3af","finished","","-","","","","2024-07-15T21:26:25.000Z","2024-07-15T21:30:47.000Z","2024-07-15T21:30:47.000Z","0.784370740572467","30","0.1","10"
"stellar-sweep-8","","qordvz4b","finished","","-","","","","2024-07-15T05:45:42.000Z","2024-07-15T05:50:03.000Z","2024-07-15T05:50:03.000Z","0.7840072694229896","10","0","10"
"light-sweep-115","","f7xjpp0w","finished","","-","","","","2024-07-15T16:34:59.000Z","2024-07-15T16:37:43.000Z","2024-07-15T16:37:43.000Z","0.7819173103134939","30","0","50"
"bright-sweep-475","","89psopvy","finished","","-","","","","2024-07-17T01:00:28.000Z","2024-07-17T01:04:51.000Z","2024-07-17T01:04:51.000Z","0.7811903680145389","60","0.3","20"
"happy-sweep-20","","hoy4956u","finished","","-","","","","2024-07-15T06:50:38.000Z","2024-07-15T06:53:13.000Z","2024-07-15T06:53:13.000Z","0.7806451612903226","60","0","10"
"dutiful-sweep-479","","64s50unf","finished","","-","","","","2024-07-17T01:16:30.000Z","2024-07-17T01:20:02.000Z","2024-07-17T01:20:02.000Z","0.780281690140845","30","0.3","30"
"honest-sweep-312","","9qe0z28a","finished","","-","","","","2024-07-16T11:18:23.000Z","2024-07-16T11:23:35.000Z","2024-07-16T11:23:35.000Z","0.7798273512039982","40","0.2","20"
"radiant-sweep-497","","8twq90c2","finished","","-","","","","2024-07-17T02:24:52.000Z","2024-07-17T02:27:33.000Z","2024-07-17T02:27:33.000Z","0.7793730122671513","70","0.3","30"
"royal-sweep-329","","jjawg6qb","finished","","-","","","","2024-07-16T12:33:46.000Z","2024-07-16T12:36:28.000Z","2024-07-16T12:36:28.000Z","0.7786460699681963","70","0.2","20"
"glowing-sweep-147","","r37q15fb","finished","","-","","","","2024-07-15T19:26:27.000Z","2024-07-15T19:30:48.000Z","2024-07-15T19:30:48.000Z","0.777373920945025","70","0.1","10"
"cerulean-sweep-110","","akhaugrn","finished","","-","","","","2024-07-15T16:18:04.000Z","2024-07-15T16:22:23.000Z","2024-07-15T16:22:23.000Z","0.7762835074965925","50","0","40"
"glowing-sweep-514","","9wubowcw","finished","","-","","","","2024-07-17T03:54:22.000Z","2024-07-17T03:57:53.000Z","2024-07-17T03:57:53.000Z","0.776192639709223","30","0.3","40"
"fresh-sweep-310","","ti1yeqy7","finished","","-","","","","2024-07-16T11:11:11.000Z","2024-07-16T11:15:33.000Z","2024-07-16T11:15:33.000Z","0.7756474329850068","20","0.2","20"
"devoted-sweep-315","","c3w3kjfw","finished","","-","","","","2024-07-16T11:32:31.000Z","2024-07-16T11:36:03.000Z","2024-07-16T11:36:03.000Z","0.7755565651976375","70","0.2","20"
"worldly-sweep-208","","78hiynbm","finished","","-","","","","2024-07-16T01:59:22.000Z","2024-07-16T02:02:03.000Z","2024-07-16T02:02:03.000Z","0.7753748296228987","50","0.1","30"
"exalted-sweep-445","","gwqt61ty","finished","","-","","","","2024-07-16T22:20:31.000Z","2024-07-16T22:30:49.000Z","2024-07-16T22:30:49.000Z","0.7743752839618355","40","0.3","10"
"grateful-sweep-258","","x3ecx40j","finished","","-","","","","2024-07-16T06:06:05.000Z","2024-07-16T06:12:12.000Z","2024-07-16T06:12:12.000Z","0.7741026805997274","60","0.1","50"
"comfy-sweep-134","","ql462gqf","finished","","-","","","","2024-07-15T18:24:31.000Z","2024-07-15T18:27:09.000Z","2024-07-15T18:27:09.000Z","0.7739209450249886","10","0","50"
"frosty-sweep-262","","c3ellkjz","finished","","-","","","","2024-07-16T06:25:31.000Z","2024-07-16T06:30:44.000Z","2024-07-16T06:30:44.000Z","0.7731031349386642","30","0.1","50"
"deep-sweep-120","","ae2bh9tz","finished","","-","","","","2024-07-15T16:53:42.000Z","2024-07-15T16:57:10.000Z","2024-07-15T16:57:10.000Z","0.772557928214448","10","0","50"
"lively-sweep-33","","64jb336j","finished","","-","","","","2024-07-15T08:25:29.000Z","2024-07-15T08:28:05.000Z","2024-07-15T08:28:05.000Z","0.7724670604270786","50","0","20"
"happy-sweep-34","","6ftzvfwj","finished","","-","","","","2024-07-15T08:28:10.000Z","2024-07-15T08:31:36.000Z","2024-07-15T08:31:36.000Z","0.7721944570649705","60","0","20"
"earthy-sweep-57","","ibqv2ol1","finished","","-","","","","2024-07-15T11:00:03.000Z","2024-07-15T11:02:39.000Z","2024-07-15T11:02:39.000Z","0.7718309859154929","10","0","30"
"unique-sweep-421","","ikyekcxf","finished","","-","","","","2024-07-16T19:38:28.000Z","2024-07-16T19:42:52.000Z","2024-07-16T19:42:52.000Z","0.7716492503407542","10","0.3","10"
"golden-sweep-367","","6tnjb1i3","finished","","-","","","","2024-07-16T15:24:41.000Z","2024-07-16T15:27:26.000Z","2024-07-16T15:27:26.000Z","0.7714675147660155","30","0.2","40"
"rural-sweep-414","","bigfpe1f","finished","","-","","","","2024-07-16T19:15:08.000Z","2024-07-16T19:18:39.000Z","2024-07-16T19:18:39.000Z","0.7714675147660155","10","0.2","50"
"lemon-sweep-28","","p7rt990u","finished","","-","","","","2024-07-15T07:53:03.000Z","2024-07-15T07:56:29.000Z","2024-07-15T07:56:29.000Z","0.7692866878691503","70","0","10"
"proud-sweep-117","","asm52q55","finished","","-","","","","2024-07-15T16:39:35.000Z","2024-07-15T16:44:44.000Z","2024-07-15T16:44:44.000Z","0.7692866878691503","50","0","50"
"glad-sweep-243","","rzjsrb5v","finished","","-","","","","2024-07-16T04:38:27.000Z","2024-07-16T04:41:57.000Z","2024-07-16T04:41:57.000Z","0.7689232167196729","50","0.1","40"
"whole-sweep-469","","373wkee6","finished","","-","","","","2024-07-17T00:22:50.000Z","2024-07-17T00:27:13.000Z","2024-07-17T00:27:13.000Z","0.7685597455701954","70","0.3","20"
"classic-sweep-429","","x6tghqwq","finished","","-","","","","2024-07-16T20:18:53.000Z","2024-07-16T20:26:39.000Z","2024-07-16T20:26:39.000Z","0.7677419354838709","20","0.3","10"
"ruby-sweep-416","","lglvz5jm","finished","","-","","","","2024-07-16T19:22:15.000Z","2024-07-16T19:24:06.000Z","2024-07-16T19:24:06.000Z","0.7676510676965016","30","0.2","50"
"trim-sweep-529","","usrqishb","finished","","-","","","","2024-07-17T05:33:32.000Z","2024-07-17T05:39:34.000Z","2024-07-17T05:39:34.000Z","0.767287596547024","40","0.3","40"
"fancy-sweep-391","","i05tekym","finished","","-","","","","2024-07-16T17:06:57.000Z","2024-07-16T17:09:38.000Z","2024-07-16T17:09:38.000Z","0.767287596547024","60","0.2","40"
"dulcet-sweep-277","","ar1ysuhh","finished","","-","","","","2024-07-16T07:47:25.000Z","2024-07-16T07:51:49.000Z","2024-07-16T07:51:49.000Z","0.7671058609722853","40","0.1","50"
"sweepy-sweep-191","","0oqte0m3","finished","","-","","","","2024-07-15T23:55:12.000Z","2024-07-16T00:01:17.000Z","2024-07-16T00:01:17.000Z","0.7667423898228078","20","0.1","20"
"dashing-sweep-78","","9sd2v4zr","finished","","-","","","","2024-07-15T13:14:40.000Z","2024-07-15T13:16:28.000Z","2024-07-15T13:16:28.000Z","0.7665606542480691","10","0","30"
"usual-sweep-43","","6e9ns9rj","finished","","-","","","","2024-07-15T09:33:57.000Z","2024-07-15T09:43:20.000Z","2024-07-15T09:43:20.000Z","0.7663789186733303","10","0","20"
"crisp-sweep-225","","otds0bxt","finished","","-","","","","2024-07-16T03:15:43.000Z","2024-07-16T03:18:24.000Z","2024-07-16T03:18:24.000Z","0.7661971830985915","10","0.1","40"
"true-sweep-178","","b1y25qrh","finished","","-","","","","2024-07-15T22:36:19.000Z","2024-07-15T22:39:04.000Z","2024-07-15T22:39:04.000Z","0.7654702407996365","30","0.1","20"
"zesty-sweep-201","","hhe3kq7d","finished","","-","","","","2024-07-16T01:16:32.000Z","2024-07-16T01:19:16.000Z","2024-07-16T01:19:16.000Z","0.7649250340754202","50","0.1","30"
"elated-sweep-388","","1xuamh3v","finished","","-","","","","2024-07-16T16:52:34.000Z","2024-07-16T16:59:35.000Z","2024-07-16T16:59:35.000Z","0.7642889595638346","30","0.2","40"
"bumbling-sweep-305","","uk5cbghu","finished","","-","","","","2024-07-16T10:56:42.000Z","2024-07-16T11:00:14.000Z","2024-07-16T11:00:14.000Z","0.7639254884143571","40","0.2","10"
"fanciful-sweep-423","","6ryvh7s9","finished","","-","","","","2024-07-16T19:46:27.000Z","2024-07-16T19:49:58.000Z","2024-07-16T19:49:58.000Z","0.7635620172648796","30","0.3","10"
"fast-sweep-271","","zanvj1f3","finished","","-","","","","2024-07-16T07:25:03.000Z","2024-07-16T07:26:50.000Z","2024-07-16T07:26:50.000Z","0.7635620172648796","50","0.1","50"
"visionary-sweep-269","","pus9z24l","finished","","-","","","","2024-07-16T07:18:41.000Z","2024-07-16T07:22:12.000Z","2024-07-16T07:22:12.000Z","0.7631076783280327","30","0.1","50"
"fragrant-sweep-484","","ae9kaoxg","finished","","-","","","","2024-07-17T01:41:24.000Z","2024-07-17T01:44:55.000Z","2024-07-17T01:44:55.000Z","0.7628350749659246","10","0.3","30"
"light-sweep-303","","e1d93ach","finished","","-","","","","2024-07-16T10:51:09.000Z","2024-07-16T10:54:44.000Z","2024-07-16T10:54:44.000Z","0.7617446615174921","20","0.2","10"
"good-sweep-90","","gdn79117","finished","","-","","","","2024-07-15T14:13:34.000Z","2024-07-15T14:16:11.000Z","2024-07-15T14:16:11.000Z","0.7593820990458883","60","0","40"
"lucky-sweep-461","","vazvm90w","finished","","-","","","","2024-07-16T23:52:40.000Z","2024-07-16T23:55:22.000Z","2024-07-16T23:55:22.000Z","0.7586551567469332","60","0.3","20"
"rare-sweep-248","","djk1fr74","finished","","-","","","","2024-07-16T04:56:19.000Z","2024-07-16T04:58:59.000Z","2024-07-16T04:58:59.000Z","0.7579282144479782","30","0.1","40"
"sparkling-sweep-472","","nvb1zejn","finished","","-","","","","2024-07-17T00:48:51.000Z","2024-07-17T00:53:11.000Z","2024-07-17T00:53:11.000Z","0.7573830077237619","30","0.3","20"
"rosy-sweep-185","","dsitxy49","finished","","-","","","","2024-07-15T23:19:11.000Z","2024-07-15T23:22:43.000Z","2024-07-15T23:22:43.000Z","0.7564743298500681","30","0.1","20"
"avid-sweep-318","","n9bbklak","finished","","-","","","","2024-07-16T11:40:46.000Z","2024-07-16T11:44:17.000Z","2024-07-16T11:44:17.000Z","0.7545661063153112","30","0.2","20"
"peach-sweep-432","","8t5oguqj","finished","","-","","","","2024-07-16T20:37:28.000Z","2024-07-16T20:42:40.000Z","2024-07-16T20:42:40.000Z","0.7543843707405725","50","0.3","10"
"stellar-sweep-384","","48p3k2pg","finished","","-","","","","2024-07-16T16:36:16.000Z","2024-07-16T16:39:01.000Z","2024-07-16T16:39:01.000Z","0.7539300318037255","60","0.2","40"
"usual-sweep-272","","vcbvj8fk","finished","","-","","","","2024-07-16T07:26:52.000Z","2024-07-16T07:29:32.000Z","2024-07-16T07:29:32.000Z","0.752112676056338","60","0.1","50"
"young-sweep-246","","ogdydkoj","finished","","-","","","","2024-07-16T04:49:59.000Z","2024-07-16T04:53:31.000Z","2024-07-16T04:53:31.000Z","0.7514766015447524","10","0.1","40"
"eager-sweep-101","","xveirmcr","finished","","-","","","","2024-07-15T15:22:49.000Z","2024-07-15T15:24:36.000Z","2024-07-15T15:24:36.000Z","0.7512948659700136","30","0","40"
"giddy-sweep-458","","jwwz6dfm","finished","","-","","","","2024-07-16T23:41:55.000Z","2024-07-16T23:46:16.000Z","2024-07-16T23:46:16.000Z","0.7491140390731486","30","0.3","20"
"sweepy-sweep-216","","uv4h5bqs","finished","","-","","","","2024-07-16T02:40:54.000Z","2024-07-16T02:45:15.000Z","2024-07-16T02:45:15.000Z","0.7482053611994548","60","0.1","30"
"soft-sweep-368","","o05avlgi","finished","","-","","","","2024-07-16T15:27:33.000Z","2024-07-16T15:31:08.000Z","2024-07-16T15:31:08.000Z","0.7477510222626079","40","0.2","40"
"apricot-sweep-397","","n55xj3do","finished","","-","","","","2024-07-16T17:35:57.000Z","2024-07-16T17:41:59.000Z","2024-07-16T17:41:59.000Z","0.7470240799636528","50","0.2","50"
"splendid-sweep-119","","x3t43ky0","finished","","-","","","","2024-07-15T16:50:56.000Z","2024-07-15T16:53:38.000Z","2024-07-15T16:53:38.000Z","0.7468423443889142","70","0","50"
"helpful-sweep-394","","xp9x8l3r","finished","","-","","","","2024-07-16T17:15:59.000Z","2024-07-16T17:23:47.000Z","2024-07-16T17:23:47.000Z","0.7467514766015447","20","0.2","50"
"true-sweep-231","","6ncfoxwy","finished","","-","","","","2024-07-16T03:36:32.000Z","2024-07-16T03:38:26.000Z","2024-07-16T03:38:26.000Z","0.7443889141299409","70","0.1","40"
"comfy-sweep-453","","vzhvmtav","finished","","-","","","","2024-07-16T23:19:43.000Z","2024-07-16T23:24:05.000Z","2024-07-16T23:24:05.000Z","0.7437528396183553","50","0.3","20"
"misty-sweep-176","","i6czpgqp","finished","","-","","","","2024-07-15T22:29:07.000Z","2024-07-15T22:32:39.000Z","2024-07-15T22:32:39.000Z","0.7432985006815084","10","0.1","20"
"efficient-sweep-377","","4bq3d6mz","finished","","-","","","","2024-07-16T15:59:08.000Z","2024-07-16T16:01:54.000Z","2024-07-16T16:01:54.000Z","0.7426624261699227","60","0.2","40"
"winter-sweep-439","","905vr24r","finished","","-","","","","2024-07-16T21:18:48.000Z","2024-07-16T21:25:43.000Z","2024-07-16T21:25:43.000Z","0.7419354838709677","50","0.3","10"
"earthy-sweep-522","","m0690zmr","finished","","-","","","","2024-07-17T04:54:29.000Z","2024-07-17T04:57:10.000Z","2024-07-17T04:57:10.000Z","0.741753748296229","40","0.3","40"
"ancient-sweep-25","","tfn1s8w8","finished","","-","","","","2024-07-15T07:16:44.000Z","2024-07-15T07:19:22.000Z","2024-07-15T07:19:22.000Z","0.7412085415720128","40","0","10"
"exalted-sweep-526","","eqaqzrui","finished","","-","","","","2024-07-17T05:19:06.000Z","2024-07-17T05:23:29.000Z","2024-07-17T05:23:29.000Z","0.7411176737846433","10","0.3","40"
"cosmic-sweep-237","","6mkb9xq2","finished","","-","","","","2024-07-16T04:02:24.000Z","2024-07-16T04:05:53.000Z","2024-07-16T04:05:53.000Z","0.7408450704225352","60","0.1","40"
"wandering-sweep-171","","ybs2wcok","finished","","-","","","","2024-07-15T21:55:47.000Z","2024-07-15T21:57:38.000Z","2024-07-15T21:57:38.000Z","0.7405724670604271","30","0.1","20"
"northern-sweep-160","","zb3qwnan","finished","","-","","","","2024-07-15T21:01:49.000Z","2024-07-15T21:06:18.000Z","2024-07-15T21:06:18.000Z","0.7402089959109496","60","0.1","10"
"cool-sweep-402","","watxmd6r","finished","","-","","","","2024-07-16T18:04:57.000Z","2024-07-16T18:08:28.000Z","2024-07-16T18:08:28.000Z","0.7385733757383007","30","0.2","50"
"warm-sweep-64","","c5ox1fd3","finished","","-","","","","2024-07-15T11:37:57.000Z","2024-07-15T11:40:34.000Z","2024-07-15T11:40:34.000Z","0.7379373012267151","10","0","30"
"usual-sweep-18","","vj302d9w","finished","","-","","","","2024-07-15T06:41:05.000Z","2024-07-15T06:43:41.000Z","2024-07-15T06:43:41.000Z","0.7378464334393458","40","0","10"
"stellar-sweep-360","","1wnuei18","finished","","-","","","","2024-07-16T14:45:39.000Z","2024-07-16T14:50:05.000Z","2024-07-16T14:50:05.000Z","0.7377555656519764","30","0.2","30"
"resilient-sweep-308","","e2v2jdmx","finished","","-","","","","2024-07-16T11:05:48.000Z","2024-07-16T11:08:27.000Z","2024-07-16T11:08:27.000Z","0.7375738300772376","70","0.2","10"
"laced-sweep-184","","3d8dxu1j","finished","","-","","","","2024-07-15T23:14:45.000Z","2024-07-15T23:19:09.000Z","2024-07-15T23:19:09.000Z","0.7373012267151294","20","0.1","20"
"gentle-sweep-229","","qkztb31h","finished","","-","","","","2024-07-16T03:32:38.000Z","2024-07-16T03:34:32.000Z","2024-07-16T03:34:32.000Z","0.7367560199909132","50","0.1","40"
"drawn-sweep-182","","sr60vf40","finished","","-","","","","2024-07-15T22:59:59.000Z","2024-07-15T23:03:28.000Z","2024-07-15T23:03:28.000Z","0.7366651522035439","70","0.1","20"
"wild-sweep-385","","8kc1ebx8","finished","","-","","","","2024-07-16T16:39:08.000Z","2024-07-16T16:42:43.000Z","2024-07-16T16:42:43.000Z","0.7366651522035439","70","0.2","40"
"frosty-sweep-88","","exlkzwre","finished","","-","","","","2024-07-15T14:09:03.000Z","2024-07-15T14:10:51.000Z","2024-07-15T14:10:51.000Z","0.7364834166288051","40","0","40"
"solar-sweep-480","","te2d0fql","finished","","-","","","","2024-07-17T01:20:09.000Z","2024-07-17T01:22:55.000Z","2024-07-17T01:22:55.000Z","0.7363925488414357","40","0.3","30"
"vocal-sweep-327","","zw8zftdj","finished","","-","","","","2024-07-16T12:25:46.000Z","2024-07-16T12:29:17.000Z","2024-07-16T12:29:17.000Z","0.7352112676056338","50","0.2","20"
"dark-sweep-3","","8mpvh1ix","finished","","-","","","","2024-07-15T05:16:57.000Z","2024-07-15T05:20:29.000Z","2024-07-15T05:20:29.000Z","0.7349386642435257","30","0","10"
"helpful-sweep-232","","21faqyic","finished","","-","","","","2024-07-16T03:38:32.000Z","2024-07-16T03:40:24.000Z","2024-07-16T03:40:24.000Z","0.734756928668787","10","0.1","40"
"toasty-sweep-142","","bmbgqfco","finished","","-","","","","2024-07-15T18:57:33.000Z","2024-07-15T19:01:04.000Z","2024-07-15T19:01:04.000Z","0.733575647432985","20","0.1","10"
"sweepy-sweep-543","","hewfdqej","finished","","-","","","","2024-07-17T06:39:24.000Z","2024-07-17T06:42:03.000Z","2024-07-17T06:42:03.000Z","0.7323943661971831","40","0.3","50"
"helpful-sweep-81","","3xtdsmpa","finished","","-","","","","2024-07-15T13:28:08.000Z","2024-07-15T13:31:36.000Z","2024-07-15T13:31:36.000Z","0.731667423898228","40","0","30"
"lucky-sweep-186","","i7fj671d","finished","","-","","","","2024-07-15T23:22:44.000Z","2024-07-15T23:27:07.000Z","2024-07-15T23:27:07.000Z","0.7314856883234894","40","0.1","20"
"worldly-sweep-107","","1jyzccfl","finished","","-","","","","2024-07-15T15:55:51.000Z","2024-07-15T15:58:29.000Z","2024-07-15T15:58:29.000Z","0.7311222171740118","20","0","40"
"playful-sweep-68","","3j3oljj3","finished","","-","","","","2024-07-15T12:19:22.000Z","2024-07-15T12:22:00.000Z","2024-07-15T12:22:00.000Z","0.7307587460245343","50","0","30"
"twilight-sweep-448","","je5im8xn","finished","","-","","","","2024-07-16T22:43:14.000Z","2024-07-16T22:46:45.000Z","2024-07-16T22:46:45.000Z","0.7303044070876874","70","0.3","10"
"mild-sweep-140","","vue8k313","finished","","-","","","","2024-07-15T18:52:10.000Z","2024-07-15T18:55:37.000Z","2024-07-15T18:55:37.000Z","0.7300318037255793","70","0","50"
"amber-sweep-143","","im92l2sd","finished","","-","","","","2024-07-15T19:01:07.000Z","2024-07-15T19:03:48.000Z","2024-07-15T19:03:48.000Z","0.7291231258518855","30","0.1","10"
"lucky-sweep-173","","c63y3yxr","finished","","-","","","","2024-07-15T22:01:22.000Z","2024-07-15T22:05:48.000Z","2024-07-15T22:05:48.000Z","0.7279418446160836","50","0.1","20"
"fine-sweep-136","","tsmngcf2","finished","","-","","","","2024-07-15T18:32:19.000Z","2024-07-15T18:37:26.000Z","2024-07-15T18:37:26.000Z","0.7278509768287142","30","0","50"
"sandy-sweep-188","","x13wwc3d","finished","","-","","","","2024-07-15T23:43:25.000Z","2024-07-15T23:47:50.000Z","2024-07-15T23:47:50.000Z","0.7277601090413448","60","0.1","20"
"firm-sweep-254","","gijv9ubd","finished","","-","","","","2024-07-16T05:42:26.000Z","2024-07-16T05:45:57.000Z","2024-07-16T05:45:57.000Z","0.7270331667423898","20","0.1","50"
"dauntless-sweep-21","","lftybbi7","finished","","-","","","","2024-07-15T06:53:36.000Z","2024-07-15T06:57:02.000Z","2024-07-15T06:57:02.000Z","0.7263062244434348","70","0","10"
"atomic-sweep-127","","wdvv0xnf","finished","","-","","","","2024-07-15T17:39:23.000Z","2024-07-15T17:42:49.000Z","2024-07-15T17:42:49.000Z","0.7262153566560654","10","0","50"
"major-sweep-538","","bwjkslxs","finished","","-","","","","2024-07-17T06:25:30.000Z","2024-07-17T06:28:16.000Z","2024-07-17T06:28:16.000Z","0.725851885506588","60","0.3","50"
"peachy-sweep-483","","rrffv8bv","finished","","-","","","","2024-07-17T01:36:07.000Z","2024-07-17T01:41:18.000Z","2024-07-17T01:41:18.000Z","0.7241253975465698","70","0.3","30"
"giddy-sweep-217","","j2gkokj2","finished","","-","","","","2024-07-16T02:45:20.000Z","2024-07-16T02:48:02.000Z","2024-07-16T02:48:02.000Z","0.7232167196728759","70","0.1","30"
"swept-sweep-263","","pihxqm6j","finished","","-","","","","2024-07-16T06:30:49.000Z","2024-07-16T06:35:10.000Z","2024-07-16T06:35:10.000Z","0.7222171740118128","40","0.1","50"
"pretty-sweep-332","","rktx7gjk","finished","","-","","","","2024-07-16T12:49:38.000Z","2024-07-16T12:52:19.000Z","2024-07-16T12:52:19.000Z","0.7216719672875965","30","0.2","20"
"major-sweep-137","","42tfhcw7","finished","","-","","","","2024-07-15T18:37:31.000Z","2024-07-15T18:40:07.000Z","2024-07-15T18:40:07.000Z","0.719854611540209","40","0","50"
"elated-sweep-542","","gtbdywls","finished","","-","","","","2024-07-17T06:36:38.000Z","2024-07-17T06:39:18.000Z","2024-07-17T06:39:18.000Z","0.7197637437528396","30","0.3","50"
"lemon-sweep-235","","vuamywav","finished","","-","","","","2024-07-16T03:52:42.000Z","2024-07-16T03:55:23.000Z","2024-07-16T03:55:23.000Z","0.7196728759654702","40","0.1","40"
"dainty-sweep-290","","dc9cxlr0","finished","","-","","","","2024-07-16T09:34:12.000Z","2024-07-16T09:38:36.000Z","2024-07-16T09:38:36.000Z","0.7192185370286234","30","0.2","10"
"autumn-sweep-347","","zt61ba56","finished","","-","","","","2024-07-16T13:59:36.000Z","2024-07-16T14:03:10.000Z","2024-07-16T14:03:10.000Z","0.7188550658791458","40","0.2","30"
"pleasant-sweep-521","","jvc5lp95","finished","","-","","","","2024-07-17T04:50:04.000Z","2024-07-17T04:54:26.000Z","2024-07-17T04:54:26.000Z","0.718400726942299","30","0.3","40"
"rosy-sweep-63","","ha1pb42z","finished","","-","","","","2024-07-15T11:33:37.000Z","2024-07-15T11:37:53.000Z","2024-07-15T11:37:53.000Z","0.7181281235801908","70","0","30"
"fast-sweep-227","","fi5ckxjj","finished","","-","","","","2024-07-16T03:22:55.000Z","2024-07-16T03:27:16.000Z","2024-07-16T03:27:16.000Z","0.7178555202180827","30","0.1","40"
"effortless-sweep-466","","0g4i785j","finished","","-","","","","2024-07-17T00:06:22.000Z","2024-07-17T00:13:51.000Z","2024-07-17T00:13:51.000Z","0.7175829168559745","40","0.3","20"
"sparkling-sweep-51","","bj8bg0sv","finished","","-","","","","2024-07-15T10:36:16.000Z","2024-07-15T10:39:44.000Z","2024-07-15T10:39:44.000Z","0.7167651067696501","20","0","20"
"golden-sweep-410","","iiloap5y","finished","","-","","","","2024-07-16T18:51:27.000Z","2024-07-16T18:54:57.000Z","2024-07-16T18:54:57.000Z","0.7156746933212176","40","0.2","50"
"warm-sweep-219","","0npy9t16","finished","","-","","","","2024-07-16T02:50:50.000Z","2024-07-16T02:52:41.000Z","2024-07-16T02:52:41.000Z","0.7155838255338483","20","0.1","30"
"sleek-sweep-467","","2au8b91p","finished","","-","","","","2024-07-17T00:13:54.000Z","2024-07-17T00:20:05.000Z","2024-07-17T00:20:05.000Z","0.7154929577464789","50","0.3","20"
"swept-sweep-400","","qgvdgdmz","finished","","-","","","","2024-07-16T17:58:31.000Z","2024-07-16T18:01:16.000Z","2024-07-16T18:01:16.000Z","0.7152203543843707","10","0.2","50"
"balmy-sweep-363","","dbalmczq","finished","","-","","","","2024-07-16T14:58:13.000Z","2024-07-16T15:00:54.000Z","2024-07-16T15:00:54.000Z","0.7151294865970014","60","0.2","30"
"sparkling-sweep-438","","yv9t1msz","finished","","-","","","","2024-07-16T21:14:18.000Z","2024-07-16T21:18:43.000Z","2024-07-16T21:18:43.000Z","0.7137664697864607","40","0.3","10"
"prime-sweep-503","","slxl6z2j","finished","","-","","","","2024-07-17T02:51:40.000Z","2024-07-17T02:54:22.000Z","2024-07-17T02:54:22.000Z","0.7111313039527487","60","0.3","30"
"hopeful-sweep-406","","baumh10k","finished","","-","","","","2024-07-16T18:26:07.000Z","2024-07-16T18:32:11.000Z","2024-07-16T18:32:11.000Z","0.7095865515674693","70","0.2","50"
"magic-sweep-55","","jgvm79au","finished","","-","","","","2024-07-15T10:52:56.000Z","2024-07-15T10:55:31.000Z","2024-07-15T10:55:31.000Z","0.7092230804179919","60","0","20"
"avid-sweep-175","","x2e8j9w1","finished","","-","","","","2024-07-15T22:26:20.000Z","2024-07-15T22:29:01.000Z","2024-07-15T22:29:01.000Z","0.7084052703316674","70","0.1","20"
"pretty-sweep-2","","ikae8iuo","finished","","-","","","","2024-07-15T05:15:03.000Z","2024-07-15T05:16:51.000Z","2024-07-15T05:16:51.000Z","0.7074057246706043","20","0","10"
"light-sweep-435","","hnve5s89","finished","","-","","","","2024-07-16T20:54:06.000Z","2024-07-16T20:57:38.000Z","2024-07-16T20:57:38.000Z","0.7069513857337574","10","0.3","10"
"fine-sweep-141","","0rjqkp72","finished","","-","","","","2024-07-15T18:55:39.000Z","2024-07-15T18:57:29.000Z","2024-07-15T18:57:29.000Z","0.7067696501590186","10","0.1","10"
"soft-sweep-519","","7jd9iuxj","finished","","-","","","","2024-07-17T04:41:55.000Z","2024-07-17T04:44:35.000Z","2024-07-17T04:44:35.000Z","0.705406633348478","10","0.3","40"
"denim-sweep-341","","r4caalqi","finished","","-","","","","2024-07-16T13:31:19.000Z","2024-07-16T13:37:22.000Z","2024-07-16T13:37:22.000Z","0.7041344843253067","50","0.2","30"
"vibrant-sweep-255","","l108pyp9","finished","","-","","","","2024-07-16T05:45:59.000Z","2024-07-16T05:47:50.000Z","2024-07-16T05:47:50.000Z","0.7036801453884598","30","0.1","50"
"different-sweep-172","","9qce4n2x","finished","","-","","","","2024-07-15T21:57:43.000Z","2024-07-15T22:01:16.000Z","2024-07-15T22:01:16.000Z","0.7031349386642435","40","0.1","20"
"logical-sweep-264","","71l0ny30","finished","","-","","","","2024-07-16T06:35:14.000Z","2024-07-16T06:37:56.000Z","2024-07-16T06:37:56.000Z","0.7026805997273966","50","0.1","50"
"faithful-sweep-487","","1dqx9klf","finished","","-","","","","2024-07-17T01:50:26.000Z","2024-07-17T01:55:40.000Z","2024-07-17T01:55:40.000Z","0.7024988641526578","40","0.3","30"
"fiery-sweep-200","","ulxb06di","finished","","-","","","","2024-07-16T01:10:23.000Z","2024-07-16T01:16:25.000Z","2024-07-16T01:16:25.000Z","0.7011358473421172","40","0.1","30"
"true-sweep-319","","6v0aqwab","finished","","-","","","","2024-07-16T11:44:19.000Z","2024-07-16T11:46:09.000Z","2024-07-16T11:46:09.000Z","0.6993184915947297","40","0.2","20"
"dark-sweep-339","","y47e3y8h","finished","","-","","","","2024-07-16T13:25:50.000Z","2024-07-16T13:27:40.000Z","2024-07-16T13:27:40.000Z","0.6984098137210359","30","0.2","30"
"glowing-sweep-359","","snxvj8gn","finished","","-","","","","2024-07-16T14:42:52.000Z","2024-07-16T14:45:33.000Z","2024-07-16T14:45:33.000Z","0.6955020445252158","20","0.2","30"
"happy-sweep-328","","995jygth","finished","","-","","","","2024-07-16T12:29:21.000Z","2024-07-16T12:33:45.000Z","2024-07-16T12:33:45.000Z","0.6949568378009996","60","0.2","20"
"volcanic-sweep-190","","vzdrlhl9","finished","","-","","","","2024-07-15T23:49:49.000Z","2024-07-15T23:55:07.000Z","2024-07-15T23:55:07.000Z","0.6915038618809632","10","0.1","20"
"mild-sweep-401","","qw3iqkuh","finished","","-","","","","2024-07-16T18:01:19.000Z","2024-07-16T18:04:52.000Z","2024-07-16T18:04:52.000Z","0.6909586551567469","20","0.2","50"
"youthful-sweep-320","","akhw3hny","finished","","-","","","","2024-07-16T11:46:13.000Z","2024-07-16T11:49:45.000Z","2024-07-16T11:49:45.000Z","0.6897773739209451","50","0.2","20"
"spring-sweep-352","","29k0thbr","finished","","-","","","","2024-07-16T14:16:52.000Z","2024-07-16T14:20:26.000Z","2024-07-16T14:20:26.000Z","0.6887778282598819","20","0.2","30"
"quiet-sweep-460","","a5x1s07z","finished","","-","","","","2024-07-16T23:49:07.000Z","2024-07-16T23:52:37.000Z","2024-07-16T23:52:37.000Z","0.6879600181735575","50","0.3","20"
"clean-sweep-393","","adszvhg5","finished","","-","","","","2024-07-16T17:13:13.000Z","2024-07-16T17:15:54.000Z","2024-07-16T17:15:54.000Z","0.6870513402998637","10","0.2","50"
"glorious-sweep-151","","zzdytfmh","finished","","-","","","","2024-07-15T19:53:27.000Z","2024-07-15T19:56:07.000Z","2024-07-15T19:56:07.000Z","0.6865061335756474","40","0.1","10"
"crimson-sweep-518","","ab8qyobm","finished","","-","","","","2024-07-17T04:38:20.000Z","2024-07-17T04:41:52.000Z","2024-07-17T04:41:52.000Z","0.686415265788278","70","0.3","40"
"trim-sweep-544","","e4zeibfz","finished","","-","","","","2024-07-17T06:42:06.000Z","2024-07-17T06:44:44.000Z","2024-07-17T06:44:44.000Z","0.686415265788278","50","0.3","50"
"solar-sweep-492","","46sr8bxs","finished","","-","","","","2024-07-17T02:08:24.000Z","2024-07-17T02:10:12.000Z","2024-07-17T02:10:12.000Z","0.6860517946388005","20","0.3","30"
"light-sweep-375","","j61o67y0","finished","","-","","","","2024-07-16T15:52:43.000Z","2024-07-16T15:57:09.000Z","2024-07-16T15:57:09.000Z","0.6843253066787823","40","0.2","40"
"fine-sweep-167","","202fx7k3","finished","","-","","","","2024-07-15T21:40:38.000Z","2024-07-15T21:42:26.000Z","2024-07-15T21:42:26.000Z","0.6841435711040437","60","0.1","10"
"dazzling-sweep-477","","mmen9uhp","finished","","-","","","","2024-07-17T01:10:11.000Z","2024-07-17T01:12:52.000Z","2024-07-17T01:12:52.000Z","0.683053157655611","10","0.3","30"
"fast-sweep-349","","dg3iepd8","finished","","-","","","","2024-07-16T14:07:41.000Z","2024-07-16T14:09:31.000Z","2024-07-16T14:09:31.000Z","0.6786006360745116","60","0.2","30"
"lyric-sweep-132","","ppnxzmsd","finished","","-","","","","2024-07-15T18:17:34.000Z","2024-07-15T18:19:21.000Z","2024-07-15T18:19:21.000Z","0.6763289413902771","60","0","50"
"tough-sweep-356","","8icbxyf7","finished","","-","","","","2024-07-16T14:32:03.000Z","2024-07-16T14:35:34.000Z","2024-07-16T14:35:34.000Z","0.6747841890049977","60","0.2","30"
"pretty-sweep-259","","65m1x10n","finished","","-","","","","2024-07-16T06:12:15.000Z","2024-07-16T06:14:56.000Z","2024-07-16T06:14:56.000Z","0.6736937755565652","70","0.1","50"
"generous-sweep-417","","mwwvme6j","finished","","-","","","","2024-07-16T19:24:09.000Z","2024-07-16T19:28:31.000Z","2024-07-16T19:28:31.000Z","0.6736937755565652","40","0.2","50"
"vital-sweep-509","","pjgvw4zq","finished","","-","","","","2024-07-17T03:15:46.000Z","2024-07-17T03:19:24.000Z","2024-07-17T03:19:24.000Z","0.673148568832349","50","0.3","40"
"breezy-sweep-50","","wdfro967","finished","","-","","","","2024-07-15T10:32:48.000Z","2024-07-15T10:36:14.000Z","2024-07-15T10:36:14.000Z","0.6720581553839164","10","0","20"
"jolly-sweep-165","","tcux24j5","finished","","-","","","","2024-07-15T21:30:50.000Z","2024-07-15T21:33:33.000Z","2024-07-15T21:33:33.000Z","0.671240345297592","40","0.1","10"
"balmy-sweep-230","","of1lq3ym","finished","","-","","","","2024-07-16T03:34:37.000Z","2024-07-16T03:36:26.000Z","2024-07-16T03:36:26.000Z","0.6709677419354839","60","0.1","40"
"vocal-sweep-450","","532jw4e8","finished","","-","","","","2024-07-16T22:48:42.000Z","2024-07-16T22:52:13.000Z","2024-07-16T22:52:13.000Z","0.67005906406179","20","0.3","20"
"genial-sweep-326","","0jsxv71o","finished","","-","","","","2024-07-16T12:23:00.000Z","2024-07-16T12:25:40.000Z","2024-07-16T12:25:40.000Z","0.6684234438891413","40","0.2","20"
"sunny-sweep-316","","cy2va1i3","finished","","-","","","","2024-07-16T11:36:05.000Z","2024-07-16T11:37:56.000Z","2024-07-16T11:37:56.000Z","0.6684234438891413","10","0.2","20"
"fresh-sweep-420","","ijoai5i4","finished","","-","","","","2024-07-16T19:34:55.000Z","2024-07-16T19:38:26.000Z","2024-07-16T19:38:26.000Z","0.6672421626533394","70","0.2","50"
"comic-sweep-205","","8zo2ch97","finished","","-","","","","2024-07-16T01:46:58.000Z","2024-07-16T01:51:18.000Z","2024-07-16T01:51:18.000Z","0.6639709223080418","20","0.1","30"
"cosmic-sweep-422","","g82z768k","finished","","-","","","","2024-07-16T19:42:54.000Z","2024-07-16T19:46:25.000Z","2024-07-16T19:46:25.000Z","0.6626987732848705","20","0.3","10"
"likely-sweep-418","","fyfqv7n4","finished","","-","","","","2024-07-16T19:28:35.000Z","2024-07-16T19:32:06.000Z","2024-07-16T19:32:06.000Z","0.660881417537483","50","0.2","50"
"ruby-sweep-539","","8d7w0rvi","finished","","-","","","","2024-07-17T06:28:22.000Z","2024-07-17T06:31:59.000Z","2024-07-17T06:31:59.000Z","0.6595184007269423","70","0.3","50"
"polar-sweep-213","","q46msuri","finished","","-","","","","2024-07-16T02:15:46.000Z","2024-07-16T02:18:28.000Z","2024-07-16T02:18:28.000Z","0.6588823262153567","30","0.1","30"
"lively-sweep-464","","htdkuhkp","finished","","-","","","","2024-07-17T00:01:42.000Z","2024-07-17T00:04:23.000Z","2024-07-17T00:04:23.000Z","0.6580645161290323","20","0.3","20"
"fresh-sweep-524","","gwpl80lf","finished","","-","","","","2024-07-17T05:03:31.000Z","2024-07-17T05:07:01.000Z","2024-07-17T05:07:01.000Z","0.6551567469332121","60","0.3","40"
"devoted-sweep-6","","i2b82fa0","finished","","-","","","","2024-07-15T05:36:52.000Z","2024-07-15T05:38:42.000Z","2024-07-15T05:38:42.000Z","0.6545206724216265","60","0","10"
"dashing-sweep-39","","k3bmjjr2","finished","","-","","","","2024-07-15T08:54:00.000Z","2024-07-15T08:55:47.000Z","2024-07-15T08:55:47.000Z","0.652703316674239","40","0","20"
"gallant-sweep-407","","i7t3ttfg","finished","","-","","","","2024-07-16T18:32:13.000Z","2024-07-16T18:36:35.000Z","2024-07-16T18:36:35.000Z","0.6506133575647433","10","0.2","50"
"classic-sweep-83","","n336tjvh","finished","","-","","","","2024-07-15T13:39:30.000Z","2024-07-15T13:42:11.000Z","2024-07-15T13:42:11.000Z","0.6496138119036802","60","0","30"
"fluent-sweep-488","","r0ff2vds","finished","","-","","","","2024-07-17T01:55:43.000Z","2024-07-17T01:57:33.000Z","2024-07-17T01:57:33.000Z","0.6474329850068151","50","0.3","30"
"solar-sweep-507","","38atc5jz","finished","","-","","","","2024-07-17T03:03:27.000Z","2024-07-17T03:08:40.000Z","2024-07-17T03:08:40.000Z","0.6432530667878237","30","0.3","40"
"dry-sweep-294","","wi7rgfhg","finished","","-","","","","2024-07-16T10:09:08.000Z","2024-07-16T10:11:50.000Z","2024-07-16T10:11:50.000Z","0.642616992276238","70","0.2","10"
"smooth-sweep-528","","3ks4xw7b","finished","","-","","","","2024-07-17T05:27:57.000Z","2024-07-17T05:33:27.000Z","2024-07-17T05:33:27.000Z","0.641890049977283","30","0.3","40"
"faithful-sweep-364","","dhsdho78","finished","","-","","","","2024-07-16T15:01:00.000Z","2024-07-16T15:04:36.000Z","2024-07-16T15:04:36.000Z","0.6412539754656974","70","0.2","30"
"fancy-sweep-419","","lk3npvbk","finished","","-","","","","2024-07-16T19:32:08.000Z","2024-07-16T19:34:49.000Z","2024-07-16T19:34:49.000Z","0.6407996365288505","60","0.2","50"
"sweet-sweep-437","","2dr0mijh","finished","","-","","","","2024-07-16T21:11:26.000Z","2024-07-16T21:14:12.000Z","2024-07-16T21:14:12.000Z","0.6393457519309405","30","0.3","10"
"sleek-sweep-116","","ven3k4a6","finished","","-","","","","2024-07-15T16:37:45.000Z","2024-07-15T16:39:33.000Z","2024-07-15T16:39:33.000Z","0.6354384370740572","40","0","50"
"chocolate-sweep-496","","oo7as17i","finished","","-","","","","2024-07-17T02:21:14.000Z","2024-07-17T02:24:49.000Z","2024-07-17T02:24:49.000Z","0.6345297592003635","60","0.3","30"
"solar-sweep-381","","8fr7z9c0","finished","","-","","","","2024-07-16T16:19:32.000Z","2024-07-16T16:22:14.000Z","2024-07-16T16:22:14.000Z","0.6328032712403453","30","0.2","40"
"desert-sweep-307","","a7x9bo4y","finished","","-","","","","2024-07-16T11:03:01.000Z","2024-07-16T11:05:42.000Z","2024-07-16T11:05:42.000Z","0.6311676510676965","60","0.2","10"
"misty-sweep-31","","wwjtu244","finished","","-","","","","2024-07-15T08:16:48.000Z","2024-07-15T08:19:23.000Z","2024-07-15T08:19:23.000Z","0.6308950477055884","30","0","20"
"wise-sweep-114","","ap63cae2","finished","","-","","","","2024-07-15T16:33:04.000Z","2024-07-15T16:34:53.000Z","2024-07-15T16:34:53.000Z","0.629622898682417","20","0","50"
"denim-sweep-465","","zpg09aji","finished","","-","","","","2024-07-17T00:04:27.000Z","2024-07-17T00:06:18.000Z","2024-07-17T00:06:18.000Z","0.6281690140845071","30","0.3","20"
"youthful-sweep-541","","5ms7pos6","finished","","-","","","","2024-07-17T06:34:43.000Z","2024-07-17T06:36:32.000Z","2024-07-17T06:36:32.000Z","0.6273512039981827","20","0.3","50"
"decent-sweep-371","","mm82xcca","finished","","-","","","","2024-07-16T15:37:27.000Z","2024-07-16T15:39:17.000Z","2024-07-16T15:39:17.000Z","0.6263516583371195","70","0.2","40"
"fast-sweep-296","","ke4h11t6","finished","","-","","","","2024-07-16T10:17:12.000Z","2024-07-16T10:19:01.000Z","2024-07-16T10:19:01.000Z","0.6259881871876419","20","0.2","10"
"quiet-sweep-380","","kx6hkloo","finished","","-","","","","2024-07-16T16:17:26.000Z","2024-07-16T16:19:14.000Z","2024-07-16T16:19:14.000Z","0.6246251703771013","20","0.2","40"
"comfy-sweep-159","","rpbi33vr","finished","","-","","","","2024-07-15T20:59:54.000Z","2024-07-15T21:01:47.000Z","2024-07-15T21:01:47.000Z","0.62335302135393","50","0.1","10"
"super-sweep-212","","dq9t9zla","finished","","-","","","","2024-07-16T02:12:13.000Z","2024-07-16T02:15:43.000Z","2024-07-16T02:15:43.000Z","0.6199909132212631","20","0.1","30"
"lucky-sweep-489","","v124omnq","finished","","-","","","","2024-07-17T01:57:38.000Z","2024-07-17T02:01:09.000Z","2024-07-17T02:01:09.000Z","0.6187187641980918","60","0.3","30"
"electric-sweep-153","","kasqxwzy","finished","","-","","","","2024-07-15T20:09:57.000Z","2024-07-15T20:18:50.000Z","2024-07-15T20:18:50.000Z","0.6174466151749205","60","0.1","10"
"scarlet-sweep-355","","7nispce4","finished","","-","","","","2024-07-16T14:29:17.000Z","2024-07-16T14:31:58.000Z","2024-07-16T14:31:58.000Z","0.6132666969559292","50","0.2","30"
"avid-sweep-447","","x4jk2ni3","finished","","-","","","","2024-07-16T22:38:43.000Z","2024-07-16T22:43:12.000Z","2024-07-16T22:43:12.000Z","0.6127214902317129","60","0.3","10"
"radiant-sweep-337","","9mda04yb","finished","","-","","","","2024-07-16T13:20:22.000Z","2024-07-16T13:22:12.000Z","2024-07-16T13:22:12.000Z","0.6125397546569741","10","0.2","30"
"vital-sweep-111","","frafkmlp","finished","","-","","","","2024-07-15T16:22:24.000Z","2024-07-15T16:24:13.000Z","2024-07-15T16:24:13.000Z","0.6124488868696047","60","0","40"
"honest-sweep-113","","4ucvsydc","finished","","-","","","","2024-07-15T16:31:15.000Z","2024-07-15T16:33:02.000Z","2024-07-15T16:33:02.000Z","0.6121762835074966","10","0","50"
"dark-sweep-311","","ykrcnror","finished","","-","","","","2024-07-16T11:15:36.000Z","2024-07-16T11:18:17.000Z","2024-07-16T11:18:17.000Z","0.6102680599727397","30","0.2","20"
"super-sweep-499","","g6rg852j","finished","","-","","","","2024-07-17T02:34:41.000Z","2024-07-17T02:36:31.000Z","2024-07-17T02:36:31.000Z","0.6101771921853703","20","0.3","30"
"expert-sweep-344","","inuxrgvh","finished","","-","","","","2024-07-16T13:48:04.000Z","2024-07-16T13:51:36.000Z","2024-07-16T13:51:36.000Z","0.6076328941390278","10","0.2","30"
"treasured-sweep-80","","3zdzxb7i","finished","","-","","","","2024-07-15T13:25:57.000Z","2024-07-15T13:27:47.000Z","2024-07-15T13:27:47.000Z","0.6061790095411177","30","0","30"
"true-sweep-443","","d2piqnqi","finished","","-","","","","2024-07-16T21:52:06.000Z","2024-07-16T21:54:47.000Z","2024-07-16T21:54:47.000Z","0.6053611994547933","20","0.3","10"
"fancy-sweep-383","","86gs2wtb","finished","","-","","","","2024-07-16T16:33:29.000Z","2024-07-16T16:36:10.000Z","2024-07-16T16:36:10.000Z","0.6031803725579282","50","0.2","40"
"fearless-sweep-189","","zu79i7vj","finished","","-","","","","2024-07-15T23:47:55.000Z","2024-07-15T23:49:43.000Z","2024-07-15T23:49:43.000Z","0.5997273966378919","70","0.1","20"
"royal-sweep-170","","x6ptnhsx","finished","","-","","","","2024-07-15T21:51:37.000Z","2024-07-15T21:55:44.000Z","2024-07-15T21:55:44.000Z","0.5983643798273512","20","0.1","20"
"young-sweep-463","","a4snkq2e","finished","","-","","","","2024-07-16T23:58:09.000Z","2024-07-17T00:01:39.000Z","2024-07-17T00:01:39.000Z","0.5980009086778737","10","0.3","20"
"dark-sweep-425","","xze0kmbt","finished","","-","","","","2024-07-16T19:57:02.000Z","2024-07-16T19:59:47.000Z","2024-07-16T19:59:47.000Z","0.5970013630168105","50","0.3","10"
"silver-sweep-536","","djbz60fk","finished","","-","","","","2024-07-17T06:13:58.000Z","2024-07-17T06:16:40.000Z","2024-07-17T06:16:40.000Z","0.5955474784189005","40","0.3","50"
"happy-sweep-395","","3p6apz9x","finished","","-","","","","2024-07-16T17:23:48.000Z","2024-07-16T17:27:20.000Z","2024-07-16T17:27:20.000Z","0.5924579736483416","30","0.2","50"
"golden-sweep-491","","a9vhdmx7","finished","","-","","","","2024-07-17T02:05:37.000Z","2024-07-17T02:08:18.000Z","2024-07-17T02:08:18.000Z","0.5910040890504317","10","0.3","30"
"zesty-sweep-209","","ln7vgp1g","finished","","-","","","","2024-07-16T02:02:09.000Z","2024-07-16T02:04:54.000Z","2024-07-16T02:04:54.000Z","0.5890049977283053","60","0.1","30"
"sunny-sweep-257","","43d7jf2s","finished","","-","","","","2024-07-16T06:03:19.000Z","2024-07-16T06:06:00.000Z","2024-07-16T06:06:00.000Z","0.5869150386188097","50","0.1","50"
"lunar-sweep-245","","dszg02w8","finished","","-","","","","2024-07-16T04:47:17.000Z","2024-07-16T04:49:57.000Z","2024-07-16T04:49:57.000Z","0.5815538391640164","70","0.1","40"
"dazzling-sweep-350","","9e036blx","finished","","-","","","","2024-07-16T14:09:35.000Z","2024-07-16T14:12:16.000Z","2024-07-16T14:12:16.000Z","0.5810995002271695","70","0.2","30"
"elated-sweep-276","","feylpatf","finished","","-","","","","2024-07-16T07:45:31.000Z","2024-07-16T07:47:22.000Z","2024-07-16T07:47:22.000Z","0.5783734666060881","30","0.1","50"
"classic-sweep-533","","2rdd08rw","finished","","-","","","","2024-07-17T05:52:57.000Z","2024-07-17T05:55:38.000Z","2024-07-17T05:55:38.000Z","0.5774647887323944","10","0.3","50"
"fresh-sweep-304","","mkmfe95c","finished","","-","","","","2024-07-16T10:54:47.000Z","2024-07-16T10:56:37.000Z","2024-07-16T10:56:37.000Z","0.5761017719218537","30","0.2","10"
"zesty-sweep-493","","2w2wvl87","finished","","-","","","","2024-07-17T02:10:18.000Z","2024-07-17T02:12:13.000Z","2024-07-17T02:12:13.000Z","0.5749204906860518","30","0.3","30"
"fanciful-sweep-206","","mvuguzh0","finished","","-","","","","2024-07-16T01:51:23.000Z","2024-07-16T01:53:13.000Z","2024-07-16T01:53:13.000Z","0.5742844161744661","30","0.1","30"
"crimson-sweep-286","","jq4p4cy8","finished","","-","","","","2024-07-16T09:04:32.000Z","2024-07-16T09:09:44.000Z","2024-07-16T09:09:44.000Z","0.5738300772376193","60","0.2","10"
"cosmic-sweep-386","","zgz9s5by","finished","","-","","","","2024-07-16T16:42:46.000Z","2024-07-16T16:45:27.000Z","2024-07-16T16:45:27.000Z","0.5716492503407542","10","0.2","40"
"lucky-sweep-104","","48jvza4n","finished","","-","","","","2024-07-15T15:40:04.000Z","2024-07-15T15:41:54.000Z","2024-07-15T15:41:54.000Z","0.5710131758291686","60","0","40"
"wise-sweep-288","","vl8qcz8h","finished","","-","","","","2024-07-16T09:13:23.000Z","2024-07-16T09:15:12.000Z","2024-07-16T09:15:12.000Z","0.5662880508859609","10","0.2","10"
"dulcet-sweep-540","","v14hmxwo","finished","","-","","","","2024-07-17T06:32:01.000Z","2024-07-17T06:34:40.000Z","2024-07-17T06:34:40.000Z","0.5635620172648796","10","0.3","50"
"eager-sweep-324","","jq12pl7o","finished","","-","","","","2024-07-16T12:07:24.000Z","2024-07-16T12:10:05.000Z","2024-07-16T12:10:05.000Z","0.5631985461154021","20","0.2","20"
"flowing-sweep-247","","7w66qjxj","finished","","-","","","","2024-07-16T04:53:32.000Z","2024-07-16T04:56:14.000Z","2024-07-16T04:56:14.000Z","0.5596547024079964","20","0.1","40"
"peachy-sweep-513","","s251q4h4","finished","","-","","","","2024-07-17T03:52:27.000Z","2024-07-17T03:54:17.000Z","2024-07-17T03:54:17.000Z","0.5592003634711494","20","0.3","40"
"dandy-sweep-495","","c9ynph5r","finished","","-","","","","2024-07-17T02:18:27.000Z","2024-07-17T02:21:08.000Z","2024-07-17T02:21:08.000Z","0.5573830077237619","50","0.3","30"
"divine-sweep-531","","nm32wovj","finished","","-","","","","2024-07-17T05:41:31.000Z","2024-07-17T05:44:12.000Z","2024-07-17T05:44:12.000Z","0.555474784189005","60","0.3","40"
"copper-sweep-501","","xuda0weh","finished","","-","","","","2024-07-17T02:41:07.000Z","2024-07-17T02:43:49.000Z","2024-07-17T02:43:49.000Z","0.5521126760563381","40","0.3","30"
"daily-sweep-15","","gtw15die","finished","","-","","","","2024-07-15T06:23:49.000Z","2024-07-15T06:26:27.000Z","2024-07-15T06:26:27.000Z","0.5501135847342117","10","0","10"
"graceful-sweep-306","","yajpyltq","finished","","-","","","","2024-07-16T11:00:15.000Z","2024-07-16T11:02:57.000Z","2024-07-16T11:02:57.000Z","0.5475692866878692","50","0.2","10"
"sage-sweep-292","","jybsrkbl","finished","","-","","","","2024-07-16T09:44:45.000Z","2024-07-16T09:47:25.000Z","2024-07-16T09:47:25.000Z","0.540299863698319","50","0.2","10"
"proud-sweep-342","","y91wb2h7","finished","","-","","","","2024-07-16T13:37:28.000Z","2024-07-16T13:39:22.000Z","2024-07-16T13:39:22.000Z","0.5286687869150386","60","0.2","30"
"likely-sweep-287","","93n6uj98","finished","","-","","","","2024-07-16T09:09:49.000Z","2024-07-16T09:13:21.000Z","2024-07-16T09:13:21.000Z","0.5275783734666061","70","0.2","10"
"glowing-sweep-449","","i58y6dto","finished","","-","","","","2024-07-16T22:46:47.000Z","2024-07-16T22:48:37.000Z","2024-07-16T22:48:37.000Z","0.5238527941844616","10","0.3","20"
"peach-sweep-547","","w6qh4d8k","crashed","","-","","","","2024-07-17T07:05:44.000Z","2024-08-03T14:17:08.000Z","2024-08-03T14:17:08.000Z","0.5194911403907315","10","0.3","50"
"happy-sweep-346","","8b2zm9fm","finished","","-","","","","2024-07-16T13:57:47.000Z","2024-07-16T13:59:35.000Z","2024-07-16T13:59:35.000Z","0.5078600636074512","30","0.2","30"
"confused-sweep-300","","l913h7qg","finished","","-","","","","2024-07-16T10:38:28.000Z","2024-07-16T10:41:08.000Z","2024-07-16T10:41:08.000Z","0.5064970467969105","60","0.2","10"
"drawn-sweep-430","","5l55tudu","finished","","-","","","","2024-07-16T20:26:41.000Z","2024-07-16T20:28:30.000Z","2024-07-16T20:28:30.000Z","0.4993184915947297","30","0.3","10"
"comfy-sweep-309","","a3forcm7","finished","","-","","","","2024-07-16T11:08:29.000Z","2024-07-16T11:11:08.000Z","2024-07-16T11:11:08.000Z","0.4925942753293957","10","0.2","20"
"vital-sweep-530","","qtz350fv","finished","","-","","","","2024-07-17T05:39:36.000Z","2024-07-17T05:41:26.000Z","2024-07-17T05:41:26.000Z","0.4925942753293957","50","0.3","40"
"chocolate-sweep-474","","tcwcqtr5","finished","","-","","","","2024-07-17T00:58:34.000Z","2024-07-17T01:00:23.000Z","2024-07-17T01:00:23.000Z","0.4919582008178101","50","0.3","20"
"laced-sweep-317","","mpo31wct","finished","","-","","","","2024-07-16T11:37:59.000Z","2024-07-16T11:40:40.000Z","2024-07-16T11:40:40.000Z","0.4886869604725125","20","0.2","20"
"dainty-sweep-156","","d2mfhg9t","finished","","-","","","","2024-07-15T20:46:38.000Z","2024-07-15T20:49:20.000Z","2024-07-15T20:49:20.000Z","0.48850522489777376","20","0.1","10"
"toasty-sweep-455","","sll1vfi3","finished","","-","","","","2024-07-16T23:29:26.000Z","2024-07-16T23:31:16.000Z","2024-07-16T23:31:16.000Z","0.4756928668786915","70","0.3","20"
"visionary-sweep-462","","25l15i03","finished","","-","","","","2024-07-16T23:55:27.000Z","2024-07-16T23:58:07.000Z","2024-07-16T23:58:07.000Z","0.47342117219445706","70","0.3","20"
"sunny-sweep-370","","bz3piwm6","finished","","-","","","","2024-07-16T15:34:45.000Z","2024-07-16T15:37:24.000Z","2024-07-16T15:37:24.000Z","0.4729668332576102","60","0.2","40"
"fresh-sweep-374","","dxt3e469","finished","","-","","","","2024-07-16T15:49:56.000Z","2024-07-16T15:52:37.000Z","2024-07-16T15:52:37.000Z","0.4685143116765107","30","0.2","40"
"sleek-sweep-405","","8g8hkn1d","finished","","-","","","","2024-07-16T18:23:20.000Z","2024-07-16T18:26:01.000Z","2024-07-16T18:26:01.000Z","0.4676965015901863","60","0.2","50"
"fast-sweep-478","","em7w3h46","finished","","-","","","","2024-07-17T01:12:57.000Z","2024-07-17T01:16:28.000Z","2024-07-17T01:16:28.000Z","0.46742389822807817","20","0.3","30"
"silver-sweep-504","","c4linxwp","finished","","-","","","","2024-07-17T02:54:26.000Z","2024-07-17T02:56:16.000Z","2024-07-17T02:56:16.000Z","0.4673330304407088","70","0.3","30"
"cerulean-sweep-202","","pk8ywd8z","finished","","-","","","","2024-07-16T01:19:18.000Z","2024-07-16T01:22:50.000Z","2024-07-16T01:22:50.000Z","0.46660608814175375","60","0.1","30"
"exalted-sweep-459","","gayv3m4s","finished","","-","","","","2024-07-16T23:46:20.000Z","2024-07-16T23:49:01.000Z","2024-07-16T23:49:01.000Z","0.4638800545206725","40","0.3","20"
"vital-sweep-331","","rirh2jh5","finished","","-","","","","2024-07-16T12:47:44.000Z","2024-07-16T12:49:33.000Z","2024-07-16T12:49:33.000Z","0.4535211267605634","20","0.2","20"
"crimson-sweep-362","","7fft2zai","finished","","-","","","","2024-07-16T14:56:19.000Z","2024-07-16T14:58:10.000Z","2024-07-16T14:58:10.000Z","0.4225352112676056","50","0.2","30"
"dry-sweep-14","","ujluh5w0","finished","","-","","","","2024-07-15T06:22:00.000Z","2024-07-15T06:23:47.000Z","2024-07-15T06:23:47.000Z","0.4171740118128124","70","0","10"
"earnest-sweep-485","","scq7l2dc","finished","","-","","","","2024-07-17T01:44:58.000Z","2024-07-17T01:46:48.000Z","2024-07-17T01:46:48.000Z","0.3919127669241254","20","0.3","30"
"pretty-sweep-298","","esthx6c3","finished","","-","","","","2024-07-16T10:24:25.000Z","2024-07-16T10:27:06.000Z","2024-07-16T10:27:06.000Z","0.3751930940481599","40","0.2","10"
"magic-sweep-426","","kx7om4ay","finished","","-","","","","2024-07-16T19:59:49.000Z","2024-07-16T20:01:39.000Z","2024-07-16T20:01:39.000Z","0.365833711949114","60","0.3","10"
"eager-sweep-376","","n2h5yrih","finished","","-","","","","2024-07-16T15:57:13.000Z","2024-07-16T15:59:02.000Z","2024-07-16T15:59:02.000Z","0.31958200817810084","50","0.2","40"
"crisp-sweep-379","","7084rav7","finished","","-","","","","2024-07-16T16:09:48.000Z","2024-07-16T16:17:21.000Z","2024-07-16T16:17:21.000Z","0.31476601544752386","10","0.2","40"
"ethereal-sweep-357","","3a6bladt","finished","","-","","","","2024-07-16T14:35:37.000Z","2024-07-16T14:37:25.000Z","2024-07-16T14:37:25.000Z","0.23552930486142665","70","0.2","30"